Workbook

Sheet Input Nilai
B2: PENILAIAN KETANGGUHAN DESA/KELURAHAN
B4: FORM INPUT PENILAIAN
B5: Tanggal | C5: : | D5: 46217
B6: Nama Desa/Kelurahan | C6: : | D6: Desa Medari
B7: Kecamatan | C7: : | D7: Ngadirejo
B8: Kabupaten/Kota | C8: : | D8: Temanggung
B9: Provinsi | C9: : | D9: Jawa Tengah
B10: JENIS BENCANA | C10: : | D10: Cuaca Ekstrem (Angin Kencang)
A12: KOMPONEN | C12: INDIKATOR | E12: NO PERTANYAAN | F12: RESPON (YA=1, TIDAK=0) | G12: DOKUMEN VERIFIKASI | H12: CATATAN DISKUSI
A13: 1 | B13: LAYANAN DASAR | C13: 1 | D13: Penyelenggaraan Layanan Pendidikan | E13: 1 | F13: 1
E14: 2 | F14: 1
E15: 3 | F15: 1
E16: 4 | F16: 1
C17: 2 | D17: Penyelenggaraan Layanan Kesehatan | E17: 5 | F17: 1
E18: 6 | F18: 1
E19: 7 | F19: 1
E20: 8 | F20: 1
C21: 3 | D21: Sarana dan Prasarana Transportasi | E21: 9 | F21: 1
E22: 10 | F22: 1
E23: 11 | F23: 0
E24: 12 | F24: 0
C25: 4 | D25: Penyediaan Air Bersih | E25: 13 | F25: 1
E26: 14 | F26: 1
E27: 15 | F27: 1
E28: 16 | F28: 1
C29: 5 | D29: Program dan Kegiatan Pangan & Gizi | E29: 17 | F29: 1
E30: 18 | F30: 1
E31: 19 | F31: 1
E32: 20 | F32: 1
C33: 6 | D33: Pemberdayaan UMKM dan Peningkatan Ekonomi Melalui BUMDES | E33: 21 | F33: 1
E34: 22 | F34: 1
E35: 23 | F35: 1
E36: 24 | F36: 1
C37: 7 | D37: Sarana dan Prasarana Komunikasi/Informasi | E37: 25 | F37: 1
E38: 26 | F38: 1
E39: 27 | F39: 1
E40: 28 | F40: 1
C41: 8 | D41: Pelayanan Administrasi dan Kependudukan | E41: 29 | F41: 1
E42: 30 | F42: 1
E43: 31 | F43: 1
E44: 32 | F44: 1
C45: 9 | D45: Peraturan/Kegiatan Perlindungan dan Pengelolaan Lingkungan Hidup | E45: 33 | F45: 1
E46: 34 | F46: 1
E47: 35 | F47: 1
E48: 36 | F48: 1
C49: 10 | D49: Peraturan dan Kegiatan Keagamaan | E49: 37 | F49: 0
E50: 38 | F50: 0
E51: 39 | F51: 0
E52: 40 | F52: 0
C53: 11 | D53: Peraturan dan Kegiatan Kebudayan | E53: 41 | F53: 1
E54: 42 | F54: 1
E55: 43 | F55: 1
E56: 44 | F56: 1
C57: 12 | D57: Peraturan dan Kegiatan Perlindungan Keamanan | E57: 45 | F57: 1
E58: 46 | F58: 1
E59: 47 | F59: 1
E60: 48 | F60: 1
C61: 13 | D61: Peraturan dan Kegiatan Pemberdayaan Perempuan dan Perlindungan Anak | E61: 49 | F61: 1
E62: 50 | F62: 1
E63: 51 | F63: 1
E64: 52 | F64: 1
C65: 14 | D65: Layanan Khusus (Difabel) | E65: 53 | F65: 0
E66: 54 | F66: 0
E67: 55 | F67: 0
E68: 56 | F68: 1
A69: 2 | B69: PERATURAN DAN KEBIJAKAN PENANGGULANGAN BENCANA | C69: 15 | D69: Pengkajian Risiko Bencana | E69: 57 | F69: 0
E70: 58 | F70: 0
E71: 59 | F71: 0
E72: 60 | F72: 0
C73: 16 | D73: Rencana Penanggulangan Bencana | E73: 61 | F73: 1
E74: 62 | F74: 1
E75: 63 | F75: 1
E76: 64 | F76: 1
C77: 17 | D77: Pelatihan Penanggulangan Bencana | E77: 65 | F77: 1
E78: 66 | F78: 1
E79: 67 | F79: 1
E80: 68 | F80: 1
C81: 18 | D81: Kelembagaan PB (Kelompok/Organisasi Penanggulangan Bencana) | E81: 69 | F81: 0
E82: 70 | F82: 0
E83: 71 | F83: 0
E84: 72 | F84: 0
C85: 19 | D85: Bantuan/Kerjasama Pelaksanaan Kegiatan Penanggulangan Bencana | E85: 73 | F85: 0
E86: 74 | F86: 0
E87: 75 | F87: 0
E88: 76 | F88: 0
A89: 3 | B89: PENCEGAHAN DAN MITIGASI | C89: 20 | D89: Pencegahan Bencana | E89: 77 | F89: 1
E90: 78 | F90: 1
E91: 79 | F91: 1
E92: 80 | F92: 1
C93: 21 | D93: Mitigasi Bencana | E93: 81 | F93: 0
E94: 82 | F94: 0
E95: 83 | F95: 0
E96: 84 | F96: 0
C97: 22 | D97: Sosialisasi Pengetahuan Kebencanaan | E97: 85 | F97: 0
E98: 86 | F98: 0
E99: 87 | F99: 0
E100: 88 | F100: 0
A101: 4 | B101: KESIAPSIAGAAN DARURAT | C101: 23 | D101: Peringatan Bahaya | E101: 89 | F101: 0
E102: 90 | F102: 0
E103: 91 | F103: 0
...

Sheet Analisa
A1: KOMPONEN | D1: INDIKATOR | E1: ='Input Nilai'!E12 -> NO PERTANYAAN | F1: ='Input Nilai'!F12 -> RESPON (YA=1, TIDAK=0) | G1: NILAI RESPON | H1: TOTAL | I1: ET | J1: MN | K1: IP | L1: YY | M1: HN | N1: WW | O1: IND | P1: ANG | Q1: ROG | R1: PJS | S1: GGH | T1: GDR | U1: HDI | V1: FRZ | W1: VUR | X1: MUT | Y1: NRL | AA1: Nilai Kepentingan | AB1: Bobot % | AC1: INDEKS INDIKATOR | AD1: LEVEL INDIKATOR | AE1: NILAI KEPENTINGAN | AF1: NILAI INDIKATOR | AG1: INDEKS KOMPONEN | AI1: INDEKS KETANGGUHAN | AJ1: Rekomendasi Aksi
A2: 1 | B2: ='Input Nilai'!B13 -> LAYANAN DASAR | C2: ='Input Nilai'!C13 -> 1 | D2: ='Input Nilai'!D13 -> Penyelenggaraan Layanan Pendidikan | E2: ='Input Nilai'!E13 -> 1 | F2: 1 | G2: =IF(F2=1,"2",IF(F2=0,"1")) -> 2 | H2: =((G2+G3+G4+G5)*5/5) -> 5 | I2: 4 | J2: 3 | K2: 4 | L2: 4 | M2: 4 | N2: 4 | O2: 4 | P2: 4 | Q2: 4 | R2: 4 | S2: 4 | T2: 4 | U2: 3 | V2: 4 | W2: 4 | X2: 4 | Y2: 4 | AA2: =SUM(I2:Y4)/17 -> 3.8823529 | AB2: =1/14 -> 0.071428571 | AC2: =IF(H2<1,"0",H2) -> 5 | AD2: =IF(AC2="",0,AC2) -> 5 | AE2: =AB2/5 -> 0.014285714 | AF2: =AD2*AE2 -> 0.071428571 | AG2: =SUM(AF2:AF57) -> 0.87142857 | AH2: 20 | AI2: =(AG2*AH2)+(AG58*AH58)+(AG78*AH78)+(AG90*AH90)+(AG114*AH114) -> 57.161905 | AJ2: =IF(AF2=0,"-", IF(H2=1,'Rekomendasi Aksi'!E2, IF(H2=2,'Rekomendasi Aksi'!E2, IF(H2=3,'Rekomendasi Aksi'!E3, IF(H2=4,'Rekomendasi Aksi'!E4, IF(H2=5,'Rekomendasi Aksi'!E5)))))) -> Melakukan kerjasama dengan dinas/lembaga/organisasi untuk indentifikasi kebutuhan, perencanaan dan pelaksanaan pengembangan/peningkatan penyelenggaraan layanan pendidikan formal/non formal di Desa/Kelurahan.
E3: ='Input Nilai'!E14 -> 2 | F3: ='Input Nilai'!F14 -> 1 | G3: =IF(F3<1,"0",IF(F3=0,"0",IF(F3=1,"1"))) -> 1
E4: ='Input Nilai'!E15 -> 3 | F4: ='Input Nilai'!F15 -> 1 | G4: =IF(F4<1,"0",IF(F4=0,"0",IF(F4=1,"1"))) -> 1
E5: ='Input Nilai'!E16 -> 4 | F5: ='Input Nilai'!F16 -> 1 | G5: =IF(F5<1,"0",IF(F5=0,"0",IF(F5=1,"1"))) -> 1
C6: ='Input Nilai'!C17 -> 2 | D6: ='Input Nilai'!D17 -> Penyelenggaraan Layanan Kesehatan | E6: ='Input Nilai'!E17 -> 5 | F6: ='Input Nilai'!F17 -> 1 | G6: =IF(F6=1,"2",IF(F6=0,"1")) -> 2 | H6: =((G6+G7+G8+G9)*5/5) -> 5 | I6: 4 | J6: 4 | K6: 4 | L6: 3 | M6: 3 | N6: 4 | O6: 4 | P6: 4 | Q6: 4 | R6: 4 | S6: 4 | T6: 4 | U6: 4 | V6: 3 | W6: 3 | X6: 4 | Y6: 4 | AA6: =SUM(I6:Y8)/17 -> 3.7647059 | AB6: =1/14 -> 0.071428571 | AC6: =IF(H6<1,"0",H6) -> 5 | AD6: =IF(AC6="",0,AC6) -> 5 | AE6: =AB6/5 -> 0.014285714 | AF6: =AD6*AE6 -> 0.071428571 | AJ6: =IF(AF6=0,"-", IF(H6=1,'Rekomendasi Aksi'!E6, IF(H6=2,'Rekomendasi Aksi'!E6, IF(H6=3,'Rekomendasi Aksi'!E7, IF(H6=4,'Rekomendasi Aksi'!E8, IF(H6=5,'Rekomendasi Aksi'!E9)))))) -> Melakukan kerjasama dengan dinas/lembaga/organisasi untuk indentifikasi kebutuhan, perencanaan dan pelaksanaan pengembangan/peningkatan penyelenggaraan layanan kesehatan formal/non formal di Desa/Kelurahan.
E7: ='Input Nilai'!E18 -> 6 | F7: ='Input Nilai'!F18 -> 1 | G7: =IF(F7<1,"0",IF(F7=0,"0",IF(F7=1,"1"))) -> 1
E8: ='Input Nilai'!E19 -> 7 | F8: ='Input Nilai'!F19 -> 1 | G8: =IF(F8<1,"0",IF(F8=0,"0",IF(F8=1,"1"))) -> 1
E9: ='Input Nilai'!E20 -> 8 | F9: ='Input Nilai'!F20 -> 1 | G9: =IF(F9<1,"0",IF(F9=0,"0",IF(F9=1,"1"))) -> 1
C10: ='Input Nilai'!C21 -> 3 | D10: ='Input Nilai'!D21 -> Sarana dan Prasarana Transportasi | E10: ='Input Nilai'!E21 -> 9 | F10: ='Input Nilai'!F21 -> 1 | G10: =IF(F10=1,"2",IF(F10=0,"1")) -> 2 | H10: =((G10+G11+G12+G13)*5/5) -> 3 | I10: 3 | J10: 3 | K10: 3 | L10: 1 | M10: 3 | N10: 3 | O10: 3 | P10: 3 | Q10: 2 | R10: 2 | S10: 3 | T10: 3 | U10: 3 | V10: 1 | W10: 2 | X10: 3 | Y10: 3 | AA10: =SUM(I10:Y12)/17 -> 2.5882353 | AB10: =1/14 -> 0.071428571 | AC10: =IF(H10<1,"0",H10) -> 3 | AD10: =IF(AC10="",0,AC10) -> 3 | AE10: =AB10/5 -> 0.014285714 | AF10: =AD10*AE10 -> 0.042857143 | AJ10: =IF(AF10=0,"-", IF(H10=1,'Rekomendasi Aksi'!E10, IF(H10=2,'Rekomendasi Aksi'!E10, IF(H10=3,'Rekomendasi Aksi'!E11, IF(H10=4,'Rekomendasi Aksi'!E12, IF(H10=5,'Rekomendasi Aksi'!E13)))))) -> Melakukan evaluasi, perencanaan dan pelaksanaan layanan sarana/prasarana transportasi
E11: ='Input Nilai'!E22 -> 10 | F11: ='Input Nilai'!F22 -> 1 | G11: =IF(F11<1,"0",IF(F11=0,"0",IF(F11=1,"1"))) -> 1
E12: ='Input Nilai'!E23 -> 11 | F12: ='Input Nilai'!F23 -> 0 | G12: =IF(F12<1,"0",IF(F12=0,"0",IF(F12=1,"1"))) -> 0
E13: ='Input Nilai'!E24 -> 12 | F13: ='Input Nilai'!F24 -> 0 | G13: =IF(F13<1,"0",IF(F13=0,"0",IF(F13=1,"1"))) -> 0
C14: ='Input Nilai'!C25 -> 4 | D14: ='Input Nilai'!D25 -> Penyediaan Air Bersih | E14: ='Input Nilai'!E25 -> 13 | F14: ='Input Nilai'!F25 -> 1 | G14: =IF(F14=1,"2",IF(F14=0,"1")) -> 2 | H14: =((G14+G15+G16+G17)*5/5) -> 5 | I14: 3 | J14: 4 | K14: 4 | L14: 4 | M14: 2 | N14: 3 | O14: 3 | P14: 4 | Q14: 4 | R14: 4 | S14: 4 | T14: 4 | U14: 4 | V14: 3 | W14: 4 | X14: 4 | Y14: 4 | AA14: =SUM(I14:Y16)/17 -> 3.6470588 | AB14: =1/14 -> 0.071428571 | AC14: =IF(H14<1,"0",H14) -> 5 | AD14: =IF(AC14="",0,AC14) -> 5 | AE14: =AB14/5 -> 0.014285714 | AF14: =AD14*AE14 -> 0.071428571 | AJ14: =IF(AF14=0,"-", IF(H14=1,'Rekomendasi Aksi'!E14, IF(H14=2,'Rekomendasi Aksi'!E14, IF(H14=3,'Rekomendasi Aksi'!E15, IF(H14=4,'Rekomendasi Aksi'!E16, IF(H14=5,'Rekomendasi Aksi'!E17)))))) -> Mengusulkan kerjasama dengan dinas/lembaga/organisasi untuk identifikasi kebutuhan, perencanaan dan pelaksanaan penyelenggaraan program layanan air bersih
E15: ='Input Nilai'!E26 -> 14 | F15: ='Input Nilai'!F26 -> 1 | G15: =IF(F15<1,"0",IF(F15=0,"0",IF(F15=1,"1"))) -> 1
E16: ='Input Nilai'!E27 -> 15 | F16: ='Input Nilai'!F27 -> 1 | G16: =IF(F16<1,"0",IF(F16=0,"0",IF(F16=1,"1"))) -> 1
E17: ='Input Nilai'!E28 -> 16 | F17: ='Input Nilai'!F28 -> 1 | G17: =IF(F17<1,"0",IF(F17=0,"0",IF(F17=1,"1"))) -> 1
C18: ='Input Nilai'!C29 -> 5 | D18: ='Input Nilai'!D29 -> Program dan Kegiatan Pangan & Gizi | E18: ='Input Nilai'!E29 -> 17 | F18: ='Input Nilai'!F29 -> 1 | G18: =IF(F18=1,"2",IF(F18=0,"1")) -> 2 | H18: =((G18+G19+G20+G21)*5/5) -> 5 | I18: 2 | J18: 3 | K18: 2 | L18: 3 | M18: 2 | N18: 3 | O18: 3 | P18: 3 | Q18: 3 | R18: 3 | S18: 4 | T18: 4 | U18: 2 | V18: 2 | W18: 3 | X18: 3 | Y18: 3 | AA18: =SUM(I18:Y20)/17 -> 2.8235294 | AB18: =1/14 -> 0.071428571 | AC18: =IF(H18<1,"0",H18) -> 5 | AD18: =IF(AC18="",0,AC18) -> 5 | AE18: =AB18/5 -> 0.014285714 | AF18: =AD18*AE18 -> 0.071428571 | AJ18: =IF(AF18=0,"-", IF(H18=1,'Rekomendasi Aksi'!E18, IF(H18=2,'Rekomendasi Aksi'!E18, IF(H18=3,'Rekomendasi Aksi'!E19, IF(H18=4,'Rekomendasi Aksi'!E20, IF(H18=5,'Rekomendasi Aksi'!E21)))))) -> Melakukan kerjasama dengan berbagai pihak baik OPD terkait, akademisi, praktisi pangan dan gizi serta lembaga lainnya..
E19: ='Input Nilai'!E30 -> 18 | F19: ='Input Nilai'!F30 -> 1 | G19: =IF(F19<1,"0",IF(F19=0,"0",IF(F19=1,"1"))) -> 1
E20: ='Input Nilai'!E31 -> 19 | F20: ='Input Nilai'!F31 -> 1 | G20: =IF(F20<1,"0",IF(F20=0,"0",IF(F20=1,"1"))) -> 1
E21: ='Input Nilai'!E32 -> 20 | F21: ='Input Nilai'!F32 -> 1 | G21: =IF(F21<1,"0",IF(F21=0,"0",IF(F21=1,"1"))) -> 1
C22: ='Input Nilai'!C33 -> 6 | D22: ='Input Nilai'!D33 -> Pemberdayaan UMKM dan Peningkatan Ekonomi Melalui BUMDES | E22: ='Input Nilai'!E33 -> 21 | F22: ='Input Nilai'!F33 -> 1 | G22: =IF(F22=1,"2",IF(F22=0,"1")) -> 2 | H22: =((G22+G23+G24+G25)*5/5) -> 5 | I22: 2 | J22: 3 | K22: 2 | L22: 2 | M22: 3 | N22: 3 | O22: 2 | P22: 3 | Q22: 2 | R22: 3 | S22: 3 | T22: 3 | U22: 2 | V22: 3 | W22: 3 | X22: 3 | Y22: 3 | AA22: =SUM(I22:Y24)/17 -> 2.6470588 | AB22: =1/14 -> 0.071428571 | AC22: =IF(H22<1,"0",H22) -> 5 | AD22: =IF(AC22="",0,AC22) -> 5 | AE22: =AB22/5 -> 0.014285714 | AF22: =AD22*AE22 -> 0.071428571 | AJ22: =IF(AF22=0,"-", IF(H22=1,'Rekomendasi Aksi'!E22, IF(H22=2,'Rekomendasi Aksi'!E22, IF(H22=3,'Rekomendasi Aksi'!E23, IF(H22=4,'Rekomendasi Aksi'!E24, IF(H22=5,'Rekomendasi Aksi'!E25)))))) -> Melakukan kerjasama dengan berbagai pihak baik OPD terkait, Akademisi, dunia usaha maupun Asosiasi layanan pengembangan ekonomi dan bisnis lainnya.
E23: ='Input Nilai'!E34 -> 22 | F23: ='Input Nilai'!F34 -> 1 | G23: =IF(F23<1,"0",IF(F23=0,"0",IF(F23=1,"1"))) -> 1
E24: ='Input Nilai'!E35 -> 23 | F24: ='Input Nilai'!F35 -> 1 | G24: =IF(F24<1,"0",IF(F24=0,"0",IF(F24=1,"1"))) -> 1
E25: ='Input Nilai'!E36 -> 24 | F25: ='Input Nilai'!F36 -> 1 | G25: =IF(F25<1,"0",IF(F25=0,"0",IF(F25=1,"1"))) -> 1
C26: ='Input Nilai'!C37 -> 7 | D26: ='Input Nilai'!D37 -> Sarana dan Prasarana Komunikasi/Informasi | E26: ='Input Nilai'!E37 -> 25 | F26: ='Input Nilai'!F37 -> 1 | G26: =IF(F26=1,"2",IF(F26=0,"1")) -> 2 | H26: =((G26+G27+G28+G29)*5/5) -> 5 | I26: 4 | J26: 3 | K26: 2 | L26: 2 | M26: 2 | N26: 3 | O26: 3 | P26: 3 | Q26: 3 | R26: 3 | S26: 3 | T26: 3 | U26: 3 | V26: 3 | W26: 3 | X26: 3 | Y26: 3 | AA26: =SUM(I26:Y28)/17 -> 2.8823529 | AB26: =1/14 -> 0.071428571 | AC26: =IF(H26<1,"0",H26) -> 5 | AD26: =IF(AC26="",0,AC26) -> 5 | AE26: =AB26/5 -> 0.014285714 | AF26: =AD26*AE26 -> 0.071428571 | AJ26: =IF(AF26=0,"-", IF(H26=1,'Rekomendasi Aksi'!E26, IF(H26=2,'Rekomendasi Aksi'!E26, IF(H26=3,'Rekomendasi Aksi'!E27, IF(H26=4,'Rekomendasi Aksi'!E28, IF(H26=5,'Rekomendasi Aksi'!E29)))))) -> Melakukan kerjasama dengan dinas/lembaga/organisasi untuk indentifikasi kebutuhan, perencanaan dan pelaksanaan pengembangan/peningkatan penyelenggaraan sarana dan prasarana komunikasi/informasi di Desa/Kelurahan.
E27: ='Input Nilai'!E38 -> 26 | F27: ='Input Nilai'!F38 -> 1 | G27: =IF(F27<1,"0",IF(F27=0,"0",IF(F27=1,"1"))) -> 1
E28: ='Input Nilai'!E39 -> 27 | F28: ='Input Nilai'!F39 -> 1 | G28: =IF(F28<1,"0",IF(F28=0,"0",IF(F28=1,"1"))) -> 1
E29: ='Input Nilai'!E40 -> 28 | F29: ='Input Nilai'!F40 -> 1 | G29: =IF(F29<1,"0",IF(F29=0,"0",IF(F29=1,"1"))) -> 1
C30: ='Input Nilai'!C41 -> 8 | D30: ='Input Nilai'!D41 -> Pelayanan Administrasi dan Kependudukan | E30: ='Input Nilai'!E41 -> 29 | F30: ='Input Nilai'!F41 -> 1 | G30: =IF(F30=1,"2",IF(F30=0,"1")) -> 2 | H30: =((G30+G31+G32+G33)*5/5) -> 5 | I30: 2 | J30: 2 | K30: 2 | L30: 1 | M30: 2 | N30: 2 | O30: 4 | P30: 3 | Q30: 4 | R30: 3 | S30: 2 | T30: 3 | U30: 3 | V30: 1 | W30: 2 | X30: 2 | Y30: 4 | AA30: =SUM(I30:Y32)/17 -> 2.4705882 | AB30: =1/14 -> 0.071428571 | AC30: =IF(H30<1,"0",H30) -> 5 | AD30: =IF(AC30="",0,AC30) -> 5 | AE30: =AB30/5 -> 0.014285714 | AF30: =AD30*AE30 -> 0.071428571 | AJ30: =IF(AF30=0,"-", IF(H30=1,'Rekomendasi Aksi'!E30, IF(H30=2,'Rekomendasi Aksi'!E30, IF(H30=3,'Rekomendasi Aksi'!E31, IF(H30=4,'Rekomendasi Aksi'!E32, IF(H30=5,'Rekomendasi Aksi'!E33)))))) -> Melakukan kerjasama dengan dinas/lembaga/organisasi untuk indentifikasi kebutuhan, perencanaan dan pelaksanaan pengembangan/peningkatan penyelenggaraan pelayanan administrasi dan kependudukan di Desa/Kelurahan.
E31: ='Input Nilai'!E42 -> 30 | F31: ='Input Nilai'!F42 -> 1 | G31: =IF(F31<1,"0",IF(F31=0,"0",IF(F31=1,"1"))) -> 1
E32: ='Input Nilai'!E43 -> 31 | F32: ='Input Nilai'!F43 -> 1 | G32: =IF(F32<1,"0",IF(F32=0,"0",IF(F32=1,"1"))) -> 1
E33: ='Input Nilai'!E44 -> 32 | F33: ='Input Nilai'!F44 -> 1 | G33: =IF(F33<1,"0",IF(F33=0,"0",IF(F33=1,"1"))) -> 1
C34: ='Input Nilai'!C45 -> 9 | D34: ='Input Nilai'!D45 -> Peraturan/Kegiatan Perlindungan dan Pengelolaan Lingkungan Hidup | E34: ='Input Nilai'!E45 -> 33 | F34: ='Input Nilai'!F45 -> 1 | G34: =IF(F34=1,"2",IF(F34=0,"1")) -> 2 | H34: =((G34+G35+G36+G37)*5/5) -> 5 | I34: 4 | J34: 2 | K34: 2 | L34: 3 | M34: 3 | N34: 4 | O34: 3 | P34: 4 | Q34: 3 | R34: 3 | S34: 4 | T34: 3 | U34: 2 | V34: 4 | W34: 4 | X34: 4 | Y34: 3 | AA34: =SUM(I34:Y36)/17 -> 3.2352941 | AB34: =1/14 -> 0.071428571 | AC34: =IF(H34<1,"0",H34) -> 5 | AD34: =IF(AC34="",0,AC34) -> 5 | AE34: =AB34/5 -> 0.014285714 | AF34: =AD34*AE34 -> 0.071428571 | AJ34: =IF(AF34=0,"-", IF(H34=1,'Rekomendasi Aksi'!E34, IF(H34=2,'Rekomendasi Aksi'!E34, IF(H34=3,'Rekomendasi Aksi'!E35, IF(H34=4,'Rekomendasi Aksi'!E36, IF(H34=5,'Rekomendasi Aksi'!E37)))))) -> Melakukan kerjasama dengan dinas/lembaga/organisasi untuk indentifikasi kebutuhan, perencanaan dan pelaksanaan pengembangan/peningkatan penyelenggaraan layanan perlindungan dan pengelolaan lingkungan hidup di Desa/Kelurahan.
E35: ='Input Nilai'!E46 -> 34 | F35: ='Input Nilai'!F46 -> 1 | G35: =IF(F35<1,"0",IF(F35=0,"0",IF(F35=1,"1"))) -> 1
E36: ='Input Nilai'!E47 -> 35 | F36: ='Input Nilai'!F47 -> 1 | G36: =IF(F36<1,"0",IF(F36=0,"0",IF(F36=1,"1"))) -> 1
E37: ='Input Nilai'!E48 -> 36 | F37: ='Input Nilai'!F48 -> 1 | G37: =IF(F37<1,"0",IF(F37=0,"0",IF(F37=1,"1"))) -> 1
C38: ='Input Nilai'!C49 -> 10 | D38: ='Input Nilai'!D49 -> Peraturan dan Kegiatan Keagamaan | E38: ='Input Nilai'!E49 -> 37 | F38: ='Input Nilai'!F49 -> 0 | G38: =IF(F38=1,"2",IF(F38=0,"1")) -> 1 | H38: =((G38+G39+G40+G41)*5/5) -> 1 | I38: 3 | J38: 2 | K38: 2 | L38: 1 | M38: 2 | N38: 2 | O38: 3 | P38: 4 | Q38: 2 | R38: 2 | S38: 3 | T38: 3 | U38: 2 | V38: 1 | W38: 3 | X38: 3 | Y38: 3 | AA38: =SUM(I38:Y40)/17 -> 2.4117647 | AB38: =1/14 -> 0.071428571 | AC38: =IF(H38<1,"0",H38) -> 1 | AD38: =IF(AC38="",0,AC38) -> 1 | AE38: =AB38/5 -> 0.014285714 | AF38: =AD38*AE38 -> 0.014285714 | AJ38: =IF(AF38=0,"-", IF(H38=1,'Rekomendasi Aksi'!E38, IF(H38=2,'Rekomendasi Aksi'!E38, IF(H38=3,'Rekomendasi Aksi'!E39, IF(H38=4,'Rekomendasi Aksi'!E40, IF(H38=5,'Rekomendasi Aksi'!E41)))))) -> Pengusulan penyelenggaraan layanan keagamaan melalui mekanisme Musrenbang Desa/Kelurahan hingga Musrenbang Kabupaten/Kota, sesuai SPM bidang keagamaan.
E39: ='Input Nilai'!E50 -> 38 | F39: ='Input Nilai'!F50 -> 0 | G39: =IF(F39<1,"0",IF(F39=0,"0",IF(F39=1,"1"))) -> 0
E40: ='Input Nilai'!E51 -> 39 | F40: ='Input Nilai'!F51 -> 0 | G40: =IF(F40<1,"0",IF(F40=0,"0",IF(F40=1,"1"))) -> 0
E41: ='Input Nilai'!E52 -> 40 | F41: ='Input Nilai'!F52 -> 0 | G41: =IF(F41<1,"0",IF(F41=0,"0",IF(F41=1,"1"))) -> 0
C42: ='Input Nilai'!C53 -> 11 | D42: ='Input Nilai'!D53 -> Peraturan dan Kegiatan Kebudayan | E42: ='Input Nilai'!E53 -> 41 | F42: ='Input Nilai'!F53 -> 1 | G42: =IF(F42=1,"2",IF(F42=0,"1")) -> 2 | H42: =((G42+G43+G44+G45)*5/5) -> 5 | I42: 3 | J42: 1 | K42: 2 | L42: 1 | M42: 2 | N42: 2 | O42: 3 | P42: 4 | Q42: 3 | R42: 2 | S42: 2 | T42: 3 | U42: 2 | V42: 1 | W42: 2 | X42: 2 | Y42: 2 | AA42: =SUM(I42:Y44)/17 -> 2.1764706 | AB42: =1/14 -> 0.071428571 | AC42: =IF(H42<1,"0",H42) -> 5 | AD42: =IF(AC42="",0,AC42) -> 5 | AE42: =AB42/5 -> 0.014285714 | AF42: =AD42*AE42 -> 0.071428571 | AJ42: =IF(AF42=0,"-", IF(H42=1,'Rekomendasi Aksi'!E42, IF(H42=2,'Rekomendasi Aksi'!E42, IF(H42=3,'Rekomendasi Aksi'!E43, IF(H42=4,'Rekomendasi Aksi'!E44, IF(H42=5,'Rekomendasi Aksi'!E45)))))) -> Melakukan kerjasama dengan Dinas/lembaga/organisasi untuk mengembangkan dan meningkatkan kegiatan kebudayaan
E43: ='Input Nilai'!E54 -> 42 | F43: ='Input Nilai'!F54 -> 1 | G43: =IF(F43<1,"0",IF(F43=0,"0",IF(F43=1,"1"))) -> 1
E44: ='Input Nilai'!E55 -> 43 | F44: ='Input Nilai'!F55 -> 1 | G44: =IF(F44<1,"0",IF(F44=0,"0",IF(F44=1,"1"))) -> 1
E45: ='Input Nilai'!E56 -> 44 | F45: ='Input Nilai'!F56 -> 1 | G45: =IF(F45<1,"0",IF(F45=0,"0",IF(F45=1,"1"))) -> 1
C46: ='Input Nilai'!C57 -> 12 | D46: ='Input Nilai'!D57 -> Peraturan dan Kegiatan Perlindungan Keamanan | E46: ='Input Nilai'!E57 -> 45 | F46: ='Input Nilai'!F57 -> 1 | G46: =IF(F46=1,"2",IF(F46=0,"1")) -> 2 | H46: =((G46+G47+G48+G49)*5/5) -> 5 | I46: 3 | J46: 2 | K46: 2 | L46: 3 | M46: 3 | N46: 3 | O46: 3 | P46: 4 | Q46: 2 | R46: 3 | S46: 3 | T46: 3 | U46: 2 | V46: 3 | W46: 3 | X46: 3 | Y46: 3 | AA46: =SUM(I46:Y48)/17 -> 2.8235294 | AB46: =1/14 -> 0.071428571 | AC46: =IF(H46<1,"0",H46) -> 5 | AD46: =IF(AC46="",0,AC46) -> 5 | AE46: =AB46/5 -> 0.014285714 | AF46: =AD46*AE46 -> 0.071428571 | AJ46: =IF(AF46=0,"-", IF(H46=1,'Rekomendasi Aksi'!E46, IF(H46=2,'Rekomendasi Aksi'!E46, IF(H46=3,'Rekomendasi Aksi'!E47, IF(H46=4,'Rekomendasi Aksi'!E48, IF(H46=5,'Rekomendasi Aksi'!E49)))))) -> Melakukan kerjasama dengan Dinas/lembaga/organisasi untuk mengembangkan dan meningkatkan kegiatan perlindungan keamanan
E47: ='Input Nilai'!E58 -> 46 | F47: ='Input Nilai'!F58 -> 1 | G47: =IF(F47<1,"0",IF(F47=0,"0",IF(F47=1,"1"))) -> 1
E48: ='Input Nilai'!E59 -> 47 | F48: ='Input Nilai'!F59 -> 1 | G48: =IF(F48<1,"0",IF(F48=0,"0",IF(F48=1,"1"))) -> 1
E49: ='Input Nilai'!E60 -> 48 | F49: ='Input Nilai'!F60 -> 1 | G49: =IF(F49<1,"0",IF(F49=0,"0",IF(F49=1,"1"))) -> 1
C50: ='Input Nilai'!C61 -> 13 | D50: ='Input Nilai'!D61 -> Peraturan dan Kegiatan Pemberdayaan Perempuan dan Perlindungan Anak | E50: ='Input Nilai'!E61 -> 49 | F50: ='Input Nilai'!F61 -> 1 | G50: =IF(F50=1,"2",IF(F50=0,"1")) -> 2 | H50: =((G50+G51+G52+G53)*5/5) -> 5 | I50: 3 | J50: 3 | K50: 2 | L50: 4 | M50: 3 | N50: 4 | O50: 3 | P50: 4 | Q50: 3 | R50: 3 | S50: 4 | T50: 4 | U50: 2 | V50: 3 | W50: 3 | X50: 4 | Y50: 4 | AA50: =SUM(I50:Y52)/17 -> 3.2941176 | AB50: =1/14 -> 0.071428571 | AC50: =IF(H50<1,"0",H50) -> 5 | AD50: =IF(AC50="",0,AC50) -> 5 | AE50: =AB50/5 -> 0.014285714 | AF50: =AD50*AE50 -> 0.071428571 | AJ50: =IF(AF50=0,"-", IF(H50=1,'Rekomendasi Aksi'!E50, IF(H50=2,'Rekomendasi Aksi'!E50, IF(H50=3,'Rekomendasi Aksi'!E51, IF(H50=4,'Rekomendasi Aksi'!E52, IF(H50=5,'Rekomendasi Aksi'!E53)))))) -> Melakukan kerjasama dengan dinas/lembaga/organisasi untuk indentifikasi kebutuhan, perencanaan dan pelaksanaan pengembangan/peningkatan pemberdayaan perempuan dan perlindungan anak
E51: ='Input Nilai'!E62 -> 50 | F51: ='Input Nilai'!F62 -> 1 | G51: =IF(F51<1,"0",IF(F51=0,"0",IF(F51=1,"1"))) -> 1
E52: ='Input Nilai'!E63 -> 51 | F52: ='Input Nilai'!F63 -> 1 | G52: =IF(F52<1,"0",IF(F52=0,"0",IF(F52=1,"1"))) -> 1
E53: ='Input Nilai'!E64 -> 52 | F53: ='Input Nilai'!F64 -> 1 | G53: =IF(F53<1,"0",IF(F53=0,"0",IF(F53=1,"1"))) -> 1
C54: ='Input Nilai'!C65 -> 14 | D54: ='Input Nilai'!D65 -> Layanan Khusus (Difabel) | E54: ='Input Nilai'!E65 -> 53 | F54: ='Input Nilai'!F65 -> 0 | G54: =IF(F54=1,"2",IF(F54=0,"1")) -> 1 | H54: =((G54+G55+G56+G57)*5/5) -> 2 | I54: 3 | J54: 3 | K54: 2 | L54: 4 | M54: 3 | N54: 4 | O54: 3 | P54: 4 | Q54: 3 | R54: 3 | S54: 4 | T54: 4 | U54: 3 | V54: 3 | W54: 3 | X54: 4 | Y54: 4 | AA54: =SUM(I54:Y56)/17 -> 3.3529412 | AB54: =1/14 -> 0.071428571 | AC54: =IF(H54<1,"0",H54) -> 2 | AD54: =IF(AC54="",0,AC54) -> 2 | AE54: =AB54/5 -> 0.014285714 | AF54: =AD54*AE54 -> 0.028571429 | AJ54: =IF(AF54=0,"-", IF(H54=1,'Rekomendasi Aksi'!E54, IF(H54=2,'Rekomendasi Aksi'!E54, IF(H54=3,'Rekomendasi Aksi'!E55, IF(H54=4,'Rekomendasi Aksi'!E56, IF(H54=5,'Rekomendasi Aksi'!E57)))))) -> Mengusulkan pembentukan lembaga, penyelenggaraan kegiatan dan penyusunan peraturan untuk layanan khusus difabel
E55: ='Input Nilai'!E66 -> 54 | F55: ='Input Nilai'!F66 -> 0 | G55: =IF(F55<1,"0",IF(F55=0,"0",IF(F55=1,"1"))) -> 0
E56: ='Input Nilai'!E67 -> 55 | F56: ='Input Nilai'!F67 -> 0 | G56: =IF(F56<1,"0",IF(F56=0,"0",IF(F56=1,"1"))) -> 0
E57: ='Input Nilai'!E68 -> 56 | F57: ='Input Nilai'!F68 -> 1 | G57: =IF(F57<1,"0",IF(F57=0,"0",IF(F57=1,"1"))) -> 1
A58: 2 | B58: ='Input Nilai'!B69 -> PERATURAN DAN KEBIJAKAN PENANGGULANGAN BENCANA | C58: ='Input Nilai'!C69 -> 15 | D58: ='Input Nilai'!D69 -> Pengkajian Risiko Bencana | E58: ='Input Nilai'!E69 -> 57 | F58: ='Input Nilai'!F69 -> 0 | G58: =IF(F58=1,"2",IF(F58=0,"1")) -> 1 | H58: =((G58+G59+G60+G61)*5/5) -> 1 | I58: 4 | J58: 4 | K58: 4 | L58: 4 | M58: 4 | N58: 4 | O58: 4 | P58: 4 | Q58: 4 | R58: 4 | S58: 4 | T58: 4 | U58: 3 | V58: 4 | W58: 4 | X58: 4 | Y58: 4 | AA58: =SUM(I58:Y60)/17 -> 3.9411765 | AB58: =1/5 -> 0.2 | AC58: =IF(H58<1,"0",H58) -> 1 | AD58: =IF(AC58="",0,AC58) -> 1 | AE58: =AB58/5 -> 0.04 | AF58: =AD58*AE58 -> 0.04 | AG58: =SUM(AF58:AF77) -> 0.52 | AH58: 20 | AJ58: =IF(AF58=0,"-", IF(H58=1,'Rekomendasi Aksi'!E58, IF(H58=2,'Rekomendasi Aksi'!E58, IF(H58=3,'Rekomendasi Aksi'!E59, IF(H58=4,'Rekomendasi Aksi'!E60, IF(H58=5,'Rekomendasi Aksi'!E61)))))) -> Mengusulkan pengkajian risiko bencana melalui mekanisme Musrenbang Desa/Kelurahan.
E59: ='Input Nilai'!E70 -> 58 | F59: ='Input Nilai'!F70 -> 0 | G59: =IF(F59<1,"0",IF(F59=0,"0",IF(F59=1,"1"))) -> 0
E60: ='Input Nilai'!E71 -> 59 | F60: ='Input Nilai'!F71 -> 0 | G60: =IF(F60<1,"0",IF(F60=0,"0",IF(F60=1,"1"))) -> 0
E61: ='Input Nilai'!E72 -> 60 | F61: ='Input Nilai'!F72 -> 0 | G61: =IF(F61<1,"0",IF(F61=0,"0",IF(F61=1,"1"))) -> 0
C62: ='Input Nilai'!C73 -> 16 | D62: ='Input Nilai'!D73 -> Rencana Penanggulangan Bencana | E62: ='Input Nilai'!E73 -> 61 | F62: ='Input Nilai'!F73 -> 1 | G62: =IF(F62=1,"2",IF(F62=0,"1")) -> 2 | H62: =((G62+G63+G64+G65)*5/5) -> 5 | I62: 3 | J62: 3 | K62: 4 | L62: 4 | M62: 3 | N62: 4 | O62: 4 | P62: 3 | Q62: 4 | R62: 4 | S62: 4 | T62: 4 | U62: 4 | V62: 3 | W62: 4 | X62: 4 | Y62: 4 | AA62: =SUM(I62:Y64)/17 -> 3.7058824 | AB62: =1/5 -> 0.2 | AC62: =IF(H62<1,"0",H62) -> 5 | AD62: =IF(AC62="",0,AC62) -> 5 | AE62: =AB62/5 -> 0.04 | AF62: =AD62*AE62 -> 0.2 | AJ62: =IF(AF62=0,"-", IF(H62=1,'Rekomendasi Aksi'!E62, IF(H62=2,'Rekomendasi Aksi'!E62, IF(H62=3,'Rekomendasi Aksi'!E63, IF(H62=4,'Rekomendasi Aksi'!E64, IF(H62=5,'Rekomendasi Aksi'!E65)))))) -> Melakukan kerjasama dengan pihak lain untuk penyusunan dokumen RPB.
E63: ='Input Nilai'!E74 -> 62 | F63: ='Input Nilai'!F74 -> 1 | G63: =IF(F63<1,"0",IF(F63=0,"0",IF(F63=1,"1"))) -> 1
E64: ='Input Nilai'!E75 -> 63 | F64: ='Input Nilai'!F75 -> 1 | G64: =IF(F64<1,"0",IF(F64=0,"0",IF(F64=1,"1"))) -> 1
E65: ='Input Nilai'!E76 -> 64 | F65: ='Input Nilai'!F76 -> 1 | G65: =IF(F65<1,"0",IF(F65=0,"0",IF(F65=1,"1"))) -> 1
C66: ='Input Nilai'!C77 -> 17 | D66: ='Input Nilai'!D77 -> Pelatihan Penanggulangan Bencana | E66: ='Input Nilai'!E77 -> 65 | F66: ='Input Nilai'!F77 -> 1 | G66: =IF(F66=1,"2",IF(F66=0,"1")) -> 2 | H66: =((G66+G67+G68+G69)*5/5) -> 5 | I66: 4 | J66: 4 | K66: 2 | L66: 4 | M66: 4 | N66: 3 | O66: 4 | P66: 3 | Q66: 4 | R66: 4 | S66: 4 | T66: 4 | U66: 3 | V66: 4 | W66: 3 | X66: 4 | Y66: 4 | AA66: =SUM(I66:Y68)/17 -> 3.6470588 | AB66: =1/5 -> 0.2 | AC66: =IF(H66<1,"0",H66) -> 5 | AD66: =IF(AC66="",0,AC66) -> 5 | AE66: =AB66/5 -> 0.04 | AF66: =AD66*AE66 -> 0.2 | AJ66: =IF(AF66=0,"-", IF(H66=1,'Rekomendasi Aksi'!E66, IF(H66=2,'Rekomendasi Aksi'!E66, IF(H66=3,'Rekomendasi Aksi'!E67, IF(H66=4,'Rekomendasi Aksi'!E68, IF(H66=5,'Rekomendasi Aksi'!E69)))))) -> Menjalin kerjasama penyelenggaraan pelatihan penanggulangan bencana dengan pihak-pihak lain.
E67: ='Input Nilai'!E78 -> 66 | F67: ='Input Nilai'!F78 -> 1 | G67: =IF(F67<1,"0",IF(F67=0,"0",IF(F67=1,"1"))) -> 1
E68: ='Input Nilai'!E79 -> 67 | F68: ='Input Nilai'!F79 -> 1 | G68: =IF(F68<1,"0",IF(F68=0,"0",IF(F68=1,"1"))) -> 1
E69: ='Input Nilai'!E80 -> 68 | F69: ='Input Nilai'!F80 -> 1 | G69: =IF(F69<1,"0",IF(F69=0,"0",IF(F69=1,"1"))) -> 1
C70: ='Input Nilai'!C81 -> 18 | D70: ='Input Nilai'!D81 -> Kelembagaan PB (Kelompok/Organisasi Penanggulangan Bencana) | E70: ='Input Nilai'!E81 -> 69 | F70: ='Input Nilai'!F81 -> 0 | G70: =IF(F70=1,"2",IF(F70=0,"1")) -> 1 | H70: =((G70+G71+G72+G73)*5/5) -> 1 | I70: 4 | J70: 3 | K70: 2 | L70: 4 | M70: 3 | N70: 3 | O70: 3 | P70: 3 | Q70: 4 | R70: 4 | S70: 4 | T70: 4 | U70: 3 | V70: 4 | W70: 4 | X70: 4 | Y70: 4 | AA70: =SUM(I70:Y72)/17 -> 3.5294118 | AB70: =1/5 -> 0.2 | AC70: =IF(H70<1,"0",H70) -> 1 | AD70: =IF(AC70="",0,AC70) -> 1 | AE70: =AB70/5 -> 0.04 | AF70: =AD70*AE70 -> 0.04 | AJ70: =IF(AF70=0,"-", IF(H70=1,'Rekomendasi Aksi'!E70, IF(H70=2,'Rekomendasi Aksi'!E70, IF(H70=3,'Rekomendasi Aksi'!E71, IF(H70=4,'Rekomendasi Aksi'!E72, IF(H70=5,'Rekomendasi Aksi'!E73)))))) -> Mengusulkan pembentukan organisasi/kelompok Penanggulangan Bencana Desa melalui Musrenbang
E71: ='Input Nilai'!E82 -> 70 | F71: ='Input Nilai'!F82 -> 0 | G71: =IF(F71<1,"0",IF(F71=0,"0",IF(F71=1,"1"))) -> 0
E72: ='Input Nilai'!E83 -> 71 | F72: ='Input Nilai'!F83 -> 0 | G72: =IF(F72<1,"0",IF(F72=0,"0",IF(F72=1,"1"))) -> 0
E73: ='Input Nilai'!E84 -> 72 | F73: ='Input Nilai'!F84 -> 0 | G73: =IF(F73<1,"0",IF(F73=0,"0",IF(F73=1,"1"))) -> 0
C74: ='Input Nilai'!C85 -> 19 | D74: ='Input Nilai'!D85 -> Bantuan/Kerjasama Pelaksanaan Kegiatan Penanggulangan Bencana | E74: ='Input Nilai'!E85 -> 73 | F74: ='Input Nilai'!F85 -> 0 | G74: =IF(F74=1,"2",IF(F74=0,"1")) -> 1 | H74: =((G74+G75+G76+G77)*5/5) -> 1 | I74: 3 | J74: 2 | K74: 2 | L74: 2 | M74: 2 | N74: 2 | O74: 4 | P74: 3 | Q74: 3 | R74: 3 | S74: 4 | T74: 4 | U74: 2 | V74: 3 | W74: 3 | X74: 3 | Y74: 3 | AA74: =SUM(I74:Y76)/17 -> 2.8235294 | AB74: =1/5 -> 0.2 | AC74: =IF(H74<1,"0",H74) -> 1 | AD74: =IF(AC74="",0,AC74) -> 1 | AE74: =AB74/5 -> 0.04 | AF74: =AD74*AE74 -> 0.04 | AJ74: =IF(AF74=0,"-", IF(H74=1,'Rekomendasi Aksi'!E74, IF(H74=2,'Rekomendasi Aksi'!E74, IF(H74=3,'Rekomendasi Aksi'!E75, IF(H74=4,'Rekomendasi Aksi'!E76, IF(H74=5,'Rekomendasi Aksi'!E77)))))) -> Mengusulkan ada Standart Operasional Prosedure atau sejenisnya mengenai kerjasama dengan pihak luar dalam pelaksanaan kegiatan penanggulangan bencana
E75: ='Input Nilai'!E86 -> 74 | F75: ='Input Nilai'!F86 -> 0 | G75: =IF(F75<1,"0",IF(F75=0,"0",IF(F75=1,"1"))) -> 0
E76: ='Input Nilai'!E87 -> 75 | F76: ='Input Nilai'!F87 -> 0 | G76: =IF(F76<1,"0",IF(F76=0,"0",IF(F76=1,"1"))) -> 0
E77: ='Input Nilai'!E88 -> 76 | F77: ='Input Nilai'!F88 -> 0 | G77: =IF(F77<1,"0",IF(F77=0,"0",IF(F77=1,"1"))) -> 0
A78: 3 | B78: ='Input Nilai'!B89 -> PENCEGAHAN DAN MITIGASI | C78: ='Input Nilai'!C89 -> 20 | D78: ='Input Nilai'!D89 -> Pencegahan Bencana | E78: ='Input Nilai'!E89 -> 77 | F78: ='Input Nilai'!F89 -> 1 | G78: =IF(F78=1,"2",IF(F78=0,"1")) -> 2 | H78: =((G78+G79+G80+G81)*5/5) -> 5 | AB78: =1/3 -> 0.33333333 | AC78: =IF(H78<1,"0",H78) -> 5 | AD78: =IF(AC78="",0,AC78) -> 5 | AE78: =AB78/5 -> 0.066666667 | AF78: =AD78*AE78 -> 0.33333333 | AG78: =SUM(AF78:AF89) -> 0.46666667 | AH78: 20 | AJ78: =IF(AF78=0,"-", IF(H78=1,'Rekomendasi Aksi'!E78, IF(H78=2,'Rekomendasi Aksi'!E78, IF(H78=3,'Rekomendasi Aksi'!E79, IF(H78=4,'Rekomendasi Aksi'!E80, IF(H78=5,'Rekomendasi Aksi'!E81)))))) -> Melakukan kerjasama dengan pihak lain dalam melakukan kegiatan pencegahan bencana.
E79: ='Input Nilai'!E90 -> 78 | F79: ='Input Nilai'!F90 -> 1 | G79: =IF(F79<1,"0",IF(F79=0,"0",IF(F79=1,"1"))) -> 1
E80: ='Input Nilai'!E91 -> 79 | F80: ='Input Nilai'!F91 -> 1 | G80: =IF(F80<1,"0",IF(F80=0,"0",IF(F80=1,"1"))) -> 1
E81: ='Input Nilai'!E92 -> 80 | F81: ='Input Nilai'!F92 -> 1 | G81: =IF(F81<1,"0",IF(F81=0,"0",IF(F81=1,"1"))) -> 1
C82: ='Input Nilai'!C93 -> 21 | D82: ='Input Nilai'!D93 -> Mitigasi Bencana | E82: ='Input Nilai'!E93 -> 81 | F82: ='Input Nilai'!F93 -> 0 | G82: =IF(F82=1,"2",IF(F82=0,"1")) -> 1 | H82: =((G82+G83+G84+G85)*5/5) -> 1 | AB82: =1/3 -> 0.33333333 | AC82: =IF(H82<1,"0",H82) -> 1 | AD82: =IF(AC82="",0,AC82) -> 1 | AE82: =AB82/5 -> 0.066666667 | AF82: =AD82*AE82 -> 0.066666667 | AJ82: =IF(AF82=0,"-", IF(H82=1,'Rekomendasi Aksi'!E82, IF(H82=2,'Rekomendasi Aksi'!E82, IF(H82=3,'Rekomendasi Aksi'!E83, IF(H82=4,'Rekomendasi Aksi'!E84, IF(H82=5,'Rekomendasi Aksi'!E85)))))) -> Mengusulkan kegiatan mitigasi bencana menggunakan anggaran desa.
E83: ='Input Nilai'!E94 -> 82 | F83: ='Input Nilai'!F94 -> 0 | G83: =IF(F83<1,"0",IF(F83=0,"0",IF(F83=1,"1"))) -> 0
E84: ='Input Nilai'!E95 -> 83 | F84: ='Input Nilai'!F95 -> 0 | G84: =IF(F84<1,"0",IF(F84=0,"0",IF(F84=1,"1"))) -> 0
E85: ='Input Nilai'!E96 -> 84 | F85: ='Input Nilai'!F96 -> 0 | G85: =IF(F85<1,"0",IF(F85=0,"0",IF(F85=1,"1"))) -> 0
C86: ='Input Nilai'!C97 -> 22 | D86: ='Input Nilai'!D97 -> Sosialisasi Pengetahuan Kebencanaan | E86: ='Input Nilai'!E97 -> 85 | F86: ='Input Nilai'!F97 -> 0 | G86: =IF(F86=1,"2",IF(F86=0,"1")) -> 1 | H86: =((G86+G87+G88+G89)*5/5) -> 1 | AB86: =1/3 -> 0.33333333 | AC86: =IF(H86<1,"0",H86) -> 1 | AD86: =IF(AC86="",0,AC86) -> 1 | AE86: =AB86/5 -> 0.066666667 | AF86: =AD86*AE86 -> 0.066666667 | AJ86: =IF(AF86=0,"-", IF(H86=1,'Rekomendasi Aksi'!E86, IF(H86=2,'Rekomendasi Aksi'!E86, IF(H86=3,'Rekomendasi Aksi'!E87, IF(H86=4,'Rekomendasi Aksi'!E88, IF(H86=5,'Rekomendasi Aksi'!E89)))))) -> Mengusulkan kegiatan sosialisasi pengetahuan kebencanaan menggunakan anggaran desa.
E87: ='Input Nilai'!E98 -> 86 | F87: ='Input Nilai'!F98 -> 0 | G87: =IF(F87<1,"0",IF(F87=0,"0",IF(F87=1,"1"))) -> 0
E88: ='Input Nilai'!E99 -> 87 | F88: ='Input Nilai'!F99 -> 0 | G88: =IF(F88<1,"0",IF(F88=0,"0",IF(F88=1,"1"))) -> 0
E89: ='Input Nilai'!E100 -> 88 | F89: ='Input Nilai'!F100 -> 0 | G89: =IF(F89<1,"0",IF(F89=0,"0",IF(F89=1,"1"))) -> 0
A90: 3 | B90: ='Input Nilai'!B89 -> PENCEGAHAN DAN MITIGASI | C90: ='Input Nilai'!C101 -> 23 | D90: ='Input Nilai'!D101 -> Peringatan Bahaya | E90: ='Input Nilai'!E101 -> 89 | F90: ='Input Nilai'!F101 -> 0 | G90: =IF(F90=1,"2",IF(F90=0,"1")) -> 1 | H90: =((G90+G91+G92+G93)*5/5) -> 1 | I90: 3 | J90: 4 | K90: 4 | L90: 4 | M90: 4 | N90: 3 | O90: 4 | P90: 4 | Q90: 4 | R90: 4 | S90: 4 | T90: 4 | U90: 3 | V90: 3 | W90: 3 | X90: 4 | Y90: 4 | AA90: =SUM(I90:Y92)/17 -> 3.7058824 | AB90: =1/6 -> 0.16666667 | AC90: =IF(H90<1,"0",H90) -> 1 | AD90: =IF(AC90="",0,AC90) -> 1 | AE90: =AB90/5 -> 0.033333333 | AF90: =AD90*AE90 -> 0.033333333 | AG90: =SUM(AF90:AF113) -> 0.6 | AH90: 20 | AJ90: =IF(AF90=0,"-", IF(H90=1,'Rekomendasi Aksi'!E90, IF(H90=2,'Rekomendasi Aksi'!E90, IF(H90=3,'Rekomendasi Aksi'!E91, IF(H90=4,'Rekomendasi Aksi'!E92, IF(H90=5,'Rekomendasi Aksi'!E93)))))) -> Desa/Kelurahan segera mengembangkan penyediaan peringatan bahaya efektif
E91: ='Input Nilai'!E102 -> 90 | F91: ='Input Nilai'!F102 -> 0 | G91: =IF(F91<1,"0",IF(F91=0,"0",IF(F91=1,"1"))) -> 0
E92: ='Input Nilai'!E103 -> 91 | F92: ='Input Nilai'!F103 -> 0 | G92: =IF(F92<1,"0",IF(F92=0,"0",IF(F92=1,"1"))) -> 0
E93: ='Input Nilai'!E104 -> 92 | F93: ='Input Nilai'!F104 -> 0 | G93: =IF(F93<1,"0",IF(F93=0,"0",IF(F93=1,"1"))) -> 0
C94: ='Input Nilai'!C105 -> 24 | D94: ='Input Nilai'!D105 -> Penyebarluasan Peringatan Bahaya | E94: ='Input Nilai'!E105 -> 93 | F94: ='Input Nilai'!F105 -> 1 | G94: =IF(F94=1,"2",IF(F94=0,"1")) -> 2 | H94: =((G94+G95+G96+G97)*5/5) -> 5 | I94: 3 | J94: 2 | K94: 4 | L94: 3 | M94: 3 | N94: 3 | O94: 4 | P94: 3 | Q94: 4 | R94: 4 | S94: 4 | T94: 4 | U94: 3 | V94: 4 | W94: 4 | X94: 4 | Y94: 4 | AA94: =SUM(I94:Y96)/17 -> 3.5294118 | AB94: =1/6 -> 0.16666667 | AC94: =IF(H94<1,"0",H94) -> 5 | AD94: =IF(AC94="",0,AC94) -> 5 | AE94: =AB94/5 -> 0.033333333 | AF94: =AD94*AE94 -> 0.16666667 | AJ94: =IF(AF94=0,"-", IF(H94=1,'Rekomendasi Aksi'!E94, IF(H94=2,'Rekomendasi Aksi'!E94, IF(H94=3,'Rekomendasi Aksi'!E95, IF(H94=4,'Rekomendasi Aksi'!E96, IF(H94=5,'Rekomendasi Aksi'!E97)))))) -> Bekerjasama dengan desa/kelurahan lain atau pihak lain dalam meningkatkan efektifitas penyebarluasan peringatah bahaya
E95: ='Input Nilai'!E106 -> 94 | F95: ='Input Nilai'!F106 -> 1 | G95: =IF(F95<1,"0",IF(F95=0,"0",IF(F95=1,"1"))) -> 1
E96: ='Input Nilai'!E107 -> 95 | F96: ='Input Nilai'!F107 -> 1 | G96: =IF(F96<1,"0",IF(F96=0,"0",IF(F96=1,"1"))) -> 1
E97: ='Input Nilai'!E108 -> 96 | F97: ='Input Nilai'!F108 -> 1 | G97: =IF(F97<1,"0",IF(F97=0,"0",IF(F97=1,"1"))) -> 1
C98: ='Input Nilai'!C109 -> 25 | D98: ='Input Nilai'!D109 -> Rencana Evakuasi | E98: ='Input Nilai'!E109 -> 97 | F98: ='Input Nilai'!F109 -> 1 | G98: =IF(F98=1,"2",IF(F98=0,"1")) -> 2 | H98: =((G98+G99+G100+G101)*5/5) -> 5 | I98: 2 | J98: 2 | K98: 4 | L98: 4 | M98: 3 | N98: 4 | O98: 4 | P98: 4 | Q98: 4 | R98: 4 | S98: 4 | T98: 4 | U98: 4 | V98: 4 | W98: 4 | X98: 4 | Y98: 4 | AA98: =SUM(I98:Y100)/17 -> 3.7058824 | AB98: =1/6 -> 0.16666667 | AC98: =IF(H98<1,"0",H98) -> 5 | AD98: =IF(AC98="",0,AC98) -> 5 | AE98: =AB98/5 -> 0.033333333 | AF98: =AD98*AE98 -> 0.16666667 | AJ98: =IF(AF98=0,"-", IF(H98=1,'Rekomendasi Aksi'!E98, IF(H98=2,'Rekomendasi Aksi'!E98, IF(H98=3,'Rekomendasi Aksi'!E99, IF(H98=4,'Rekomendasi Aksi'!E100, IF(H98=5,'Rekomendasi Aksi'!E101)))))) -> Membangun kerjasama dengan desa/kelurahan atau pihak lain tentang penyusunan atau pengembangan rencana evakuasi bencana
E99: ='Input Nilai'!E110 -> 98 | F99: ='Input Nilai'!F110 -> 1 | G99: =IF(F99<1,"0",IF(F99=0,"0",IF(F99=1,"1"))) -> 1
E100: ='Input Nilai'!E111 -> 99 | F100: ='Input Nilai'!F111 -> 1 | G100: =IF(F100<1,"0",IF(F100=0,"0",IF(F100=1,"1"))) -> 1
...

Sheet Graphic
B1: =L16 -> PENILAIAN KETANGGUHAN BENCANA CUACA EKSTREM (ANGIN KENCANG)
B2: =M16 -> DESA DESA MEDARI, NGADIREJO, TEMANGGUNG, JAWA TENGAH
B3: =N16 -> TAHUN 2026
B6: NO | C6: KOMPONEN | D6: INDEKS KOMPONEN | E6: INDEKS KETANGGUHAN | F6: TINGKAT KETANGGUHAN | H6: Tingkat ketangguhan sebuah desa/kelurahan dalam menghadapi bencana dibagi kedalam tiga kriteria, yaitu:
B7: 1 | C7: Layanan Dasar | D7: =Analisa!AG2 -> 0.87142857 | E7: =Analisa!AI2 -> 57.161905 | F7: =IF(E7<=58.33,"TANGGUH PRATAMA",IF(E7>83.33,"TANGGUH UTAMA","TANGGUH MADYA")) -> TANGGUH PRATAMA | H7: Desa/Kelurahan Tangguh Bencana Utama | M7: > 83,33
B8: 2 | C8: Peraturan dan Kebijakan PB | D8: =Analisa!AG58 -> 0.52 | H8: Desa/Kelurahan Tangguh Bencana Madya | M8: 58,33 - 83,33
B9: 3 | C9: Pencegahan dan Mitigasi | D9: =Analisa!AG78 -> 0.46666667 | H9: Desa/Kelurahan Tangguh Bencana Pratama | M9: < 58,33
B10: 4 | C10: Kesiapsiagaan Darurat | D10: =Analisa!AG90 -> 0.6
B11: 5 | C11: Kesiapsiagaan Pemulihan | D11: =Analisa!AG114 -> 0.4
L16: =UPPER(CONCATENATE(L17," ",L18)) -> PENILAIAN KETANGGUHAN BENCANA CUACA EKSTREM (ANGIN KENCANG) | M16: =UPPER(CONCATENATE(M17,", ",M18,", ", M19,", ", M20)) -> DESA DESA MEDARI, NGADIREJO, TEMANGGUNG, JAWA TENGAH | N16: =UPPER(CONCATENATE(N17," ",N18)) -> TAHUN 2026 | P16: INDEKS PER KOMPONEN
L17: PENILAIAN KETANGGUHAN BENCANA | M17: =IF(ISNUMBER(SEARCH("Kelurahan",'Input Nilai'!D6)),'Input Nilai'!D6,"DESA "&'Input Nilai'!D6) -> DESA Desa Medari | N17: TAHUN | P17: =IF(ISNUMBER(SEARCH("Kelurahan",'Input Nilai'!D6)),'Input Nilai'!D6,"DESA "&'Input Nilai'!D6) -> DESA Desa Medari
L18: ='Input Nilai'!D10 -> Cuaca Ekstrem (Angin Kencang) | M18: ='Input Nilai'!D7 -> Ngadirejo | N18: =YEAR('Input Nilai'!D5) -> 2026
M19: ='Input Nilai'!D8 -> Temanggung | P19: =UPPER(CONCATENATE(P16, P17,T1)) -> INDEKS PER KOMPONEN DESA DESA MEDARI
M20: ='Input Nilai'!D9 -> Jawa Tengah

Sheet Rekomendasi
A1: REKOMENDASI KERANGKA AKSI PENINGKATAN KETANGGUHAN BENCANA
A2: =Graphic!M16 -> DESA DESA MEDARI, NGADIREJO, TEMANGGUNG, JAWA TENGAH
A4: KERANGKA AKSI
A5: A | B5: ='Input Nilai'!B13 -> LAYANAN DASAR
B6: 1 | C6: =Analisa!AJ2 -> Melakukan kerjasama dengan dinas/lembaga/organisasi untuk indentifikasi kebutuhan, perencanaan dan pelaksanaan pengembangan/peningkatan penyelenggaraan layanan pendidikan formal/non formal di Desa/Kelurahan.
B7: 2 | C7: =Analisa!AJ6 -> Melakukan kerjasama dengan dinas/lembaga/organisasi untuk indentifikasi kebutuhan, perencanaan dan pelaksanaan pengembangan/peningkatan penyelenggaraan layanan kesehatan formal/non formal di Desa/Kelurahan.
B8: 3 | C8: =Analisa!AJ10 -> Melakukan evaluasi, perencanaan dan pelaksanaan layanan sarana/prasarana transportasi
B9: 4 | C9: =Analisa!AJ14 -> Mengusulkan kerjasama dengan dinas/lembaga/organisasi untuk identifikasi kebutuhan, perencanaan dan pelaksanaan penyelenggaraan program layanan air bersih
B10: 5 | C10: =Analisa!AJ18 -> Melakukan kerjasama dengan berbagai pihak baik OPD terkait, akademisi, praktisi pangan dan gizi serta lembaga lainnya..
B11: 6 | C11: =Analisa!AJ22 -> Melakukan kerjasama dengan berbagai pihak baik OPD terkait, Akademisi, dunia usaha maupun Asosiasi layanan pengembangan ekonomi dan bisnis lainnya.
B12: 7 | C12: =Analisa!AJ26 -> Melakukan kerjasama dengan dinas/lembaga/organisasi untuk indentifikasi kebutuhan, perencanaan dan pelaksanaan pengembangan/peningkatan penyelenggaraan sarana dan prasarana komunikasi/informasi di Desa/Kelurahan.
B13: 8 | C13: =Analisa!AJ30 -> Melakukan kerjasama dengan dinas/lembaga/organisasi untuk indentifikasi kebutuhan, perencanaan dan pelaksanaan pengembangan/peningkatan penyelenggaraan pelayanan administrasi dan kependudukan di Desa/Kelurahan.
B14: 9 | C14: =Analisa!AJ34 -> Melakukan kerjasama dengan dinas/lembaga/organisasi untuk indentifikasi kebutuhan, perencanaan dan pelaksanaan pengembangan/peningkatan penyelenggaraan layanan perlindungan dan pengelolaan lingkungan hidup di Desa/Kelurahan.
B15: 10 | C15: =Analisa!AJ38 -> Pengusulan penyelenggaraan layanan keagamaan melalui mekanisme Musrenbang Desa/Kelurahan hingga Musrenbang Kabupaten/Kota, sesuai SPM bidang keagamaan.
B16: 11 | C16: =Analisa!AJ42 -> Melakukan kerjasama dengan Dinas/lembaga/organisasi untuk mengembangkan dan meningkatkan kegiatan kebudayaan
B17: 12 | C17: =Analisa!AJ46 -> Melakukan kerjasama dengan Dinas/lembaga/organisasi untuk mengembangkan dan meningkatkan kegiatan perlindungan keamanan
B18: 13 | C18: =Analisa!AJ50 -> Melakukan kerjasama dengan dinas/lembaga/organisasi untuk indentifikasi kebutuhan, perencanaan dan pelaksanaan pengembangan/peningkatan pemberdayaan perempuan dan perlindungan anak
B19: 14 | C19: =Analisa!AJ54 -> Mengusulkan pembentukan lembaga, penyelenggaraan kegiatan dan penyusunan peraturan untuk layanan khusus difabel
A20: B | B20: ='Input Nilai'!B69 -> PERATURAN DAN KEBIJAKAN PENANGGULANGAN BENCANA
B21: 15 | C21: =Analisa!AJ58 -> Mengusulkan pengkajian risiko bencana melalui mekanisme Musrenbang Desa/Kelurahan.
B22: 16 | C22: =Analisa!AJ62 -> Melakukan kerjasama dengan pihak lain untuk penyusunan dokumen RPB.
B23: 17 | C23: =Analisa!AJ66 -> Menjalin kerjasama penyelenggaraan pelatihan penanggulangan bencana dengan pihak-pihak lain.
B24: 18 | C24: =Analisa!AJ70 -> Mengusulkan pembentukan organisasi/kelompok Penanggulangan Bencana Desa melalui Musrenbang
A25: C | B25: ='Input Nilai'!B89 -> PENCEGAHAN DAN MITIGASI
B26: 19 | C26: =Analisa!AJ74 -> Mengusulkan ada Standart Operasional Prosedure atau sejenisnya mengenai kerjasama dengan pihak luar dalam pelaksanaan kegiatan penanggulangan bencana
B27: 20 | C27: =Analisa!AJ78 -> Melakukan kerjasama dengan pihak lain dalam melakukan kegiatan pencegahan bencana.
B28: 21 | C28: =Analisa!AJ82 -> Mengusulkan kegiatan mitigasi bencana menggunakan anggaran desa.
B29: 22 | C29: =Analisa!AJ86 -> Mengusulkan kegiatan sosialisasi pengetahuan kebencanaan menggunakan anggaran desa.
A30: D | B30: ='Input Nilai'!B101 -> KESIAPSIAGAAN DARURAT
B31: 23 | C31: =Analisa!AJ90 -> Desa/Kelurahan segera mengembangkan penyediaan peringatan bahaya efektif
B32: 24 | C32: =Analisa!AJ94 -> Bekerjasama dengan desa/kelurahan lain atau pihak lain dalam meningkatkan efektifitas penyebarluasan peringatah bahaya
B33: 25 | C33: =Analisa!AJ98 -> Membangun kerjasama dengan desa/kelurahan atau pihak lain tentang penyusunan atau pengembangan rencana evakuasi bencana
B34: 26 | C34: =Analisa!AJ102 -> Melakukan kerjasama dengan Dinas/lembaga/organisasi untuk mengembangkan dan meningkatkan jalur evakuasi
B35: 27 | C35: =Analisa!AJ106 -> Desa/Kelurahan perlu merencanakan dan menetapkan tempat pengungsian bencana dengan melibatkan masyarakat berpotensi terdampak bencana serta berkoordinasi dengan BPBD/dinas/lembaga/organisasi dalam sistem kesiapsiagaan setempat
B36: 28 | C36: =Analisa!AJ110 -> Desa/Kelurahan perlu melakukan uji kesiapsiagaan/simulasi menghadapi bencana secara rutin untuk meningkatkan kesiapan masyarakat dan seluruh sistem kesiapsiagaan
A37: E | B37: ='Input Nilai'!B125 -> KESIAPSIAGAAN PEMULIHAN
B38: 29 | C38: =Analisa!AJ114 -> Mengusulkan kegiatan penyusunan mekanisme penilaian pasca bencana secara mandiri menggunakan anggaran desa.
B39: 30 | C39: =Analisa!AJ118 -> Mengusulkan kegiatan penyusunan mekanisme pemulihan dini mandiri menggunakan anggaran desa.
B40: 31 | C40: =Analisa!AJ122 -> Mengusulkan kegiatan penyusunan mekanisme pengelolaan bantuan secara mandiri yang transparan dan akuntabel menggunakan anggaran desa.
B41: 32 | C41: =Analisa!AJ126 -> Melakukan kerjasama dengan pihak lain dalam melakukan pengembangan/peningkatan rencana untuk membangun fasilitas tersebut secara lebih kuat dan aman pasca bencana.

Sheet Rekomendasi Aksi
A1: Komponen | B1: Indikator | D1: Pertanyaan | E1: Rekomendasi Aksi
A2: ='Input Nilai'!B13 -> LAYANAN DASAR | B2: Indikator 1. Penyelenggaraan Layanan Pendidikan | C2: Mas Mino | D2: 1. Apakah di Desa/Kelurahan terselenggara layanan pendidikan formal atau non formal? | E2: Mengusulkan penyelenggaraan layanan pendidikan melalui mekanisme Musrenbang Desa/Kelurahan hingga Musrenbang Kabupaten/Kota, sesuai SPM bidang pendidikan.
D3: 2. Apakah penyelenggaraan layanan pendidikan tersebut sesuai harapan/kebutuhan? | E3: Melakukan evaluasi, perencanaan dan pelaksanaan perbaikan penyelenggaraan layanan pendidikan.
D4: 3. Apakah pemerintah Desa/Kelurahan mengalokasikan anggaran untuk keberlanjutan penyelenggaraan layanan pendidikan tersebut? | E4: Mengusulkan alokasi anggaran melalui mekanisme Musrenbang atau dalam musyawarah penyusunan RKPDes/Kel.
D5: 4. Apakah pemerintah Desa/Kelurahan bekerjasama dengan pihak lan dalam pengembangan/peningkatan penyelenggaraan layanan pendidikan tersebut? | E5: Melakukan kerjasama dengan dinas/lembaga/organisasi untuk indentifikasi kebutuhan, perencanaan dan pelaksanaan pengembangan/peningkatan penyelenggaraan layanan pendidikan formal/non formal di Desa/Kelurahan.
B6: Indikator 2. Penyelenggaraan Layanan Kesehatan | C6: Mas Mino | D6: 5. Apakah di Desa/Kelurahan terselenggara layanan kesehatan? | E6: Pengusulan penyelenggaraan layanan kesehatan melalui mekanisme Musrenbang Desa/Kelurahan hingga Musrenbang Kabupaten/Kota, sesuai SPM bidang pendidikan
D7: 6. Apakah penyelenggaraan layanan kesehatan tersebut bermanfaat/bisa diandalkan ? | E7: Melakuan evaluasi, perencanaan dan pelaksanaan perbaikan penyelenggaraan layanan kesehatan
D8: 7. Apakah pemerintah Desa/Kelurahan mengalokasikan anggaran untuk keberlanjutan penyelenggaraan layanan kesehatan tersebut? | E8: Mengusulkan alokasi anggaran mekanisme Musrenbang atau dalam musyawarah penyusunan RPJMDes/RKPDes/Kel
D9: 8. Apakah pemerintah Desa/Kelurahan bekerjasama dengan pihak lain untuk pengembangan/peningkatan penyelenggaraan layanan kesehatan tersebut? | E9: Melakukan kerjasama dengan dinas/lembaga/organisasi untuk indentifikasi kebutuhan, perencanaan dan pelaksanaan pengembangan/peningkatan penyelenggaraan layanan kesehatan formal/non formal di Desa/Kelurahan.
B10: Indikator 3. Sarana dan Prasarana Transportasi | C10: Pudji | D10: 9. Apakah di Desa/Kelurahan tersedia sarana/prasarana transportasi? | E10: Mengusulkan program penyediaan sarana/prasarana transportasi
D11: 10. Apakah sarana/prasarana transportasi tersebut dapat diandalkan? | E11: Melakukan evaluasi, perencanaan dan pelaksanaan layanan sarana/prasarana transportasi
D12: 11. Apakah pemerintah Desa/Kelurahan mengalokasikan anggaran untuk keberlanjutan sarana/prasarana transportasi tersebut? | E12: Mengusulkan alokasi anggaran melalui mekanisme Musrenbang Desa/Kelurahan
D13: 12. Apakah pemerintah Desa/Kelurahan bekerjasama dengan pihak lain untuk pengembangan/peningkatan sarana/prasarana transportasi tersebut? | E13: Mengusulkan kerjasama dengan dinas/lembaga/organisasi untuk identifikasi kebutuhan, perencanaan dan pelaksanaan penyelenggaraan program peningkatan sarana/prasarana transportasi
B14: Indikator 4. Penyediaan Air Bersih | C14: Pudji | D14: 13. Apakah di Desa/Kelurahan menyediakan air bersih? | E14: Mengusulkan program penyediaan air bersih melalui mekanisme Musrenbang Desa/Kelurahan
D15: 14. Apakah jumlah dan kualitas penyediaan air bersih tersebut dapat memenuhi kebutuhan? | E15: Melakukan evaluasi, perencanaan dan pelaksanaan program layanan air bersih
D16: 15. Apakah pemerintah Desa/Kelurahan mengalokasikan anggaran untuk keberlanjutan penyediaan air bersih tersebut? | E16: Mengusulkan alokasi anggaran melalui mekanisme Musrenbang Desa/Kelurahan
D17: 16. Apakah pemerintah Desa/Kelurahan bekerjasama dengan pihak lain pengembangan/peningkatan penyediaan air bersih tersebut? | E17: Mengusulkan kerjasama dengan dinas/lembaga/organisasi untuk identifikasi kebutuhan, perencanaan dan pelaksanaan penyelenggaraan program layanan air bersih
B18: Indikator 5. Program dan Kegiatan Pangan & Gizi | C18: Mbak Heni | D18: 17 Apakah pemerintah Desa/Kelurahan menyelenggarakan program/kegiatan pangan dan gizi? | E18: Mengusulkan program/kegiatan pangan dan gizi memalui mekanisme Musrenbang Desa/Kelurahan
D19: 18 Apakah program/kegiatan pangan & gizi tersebut dapat memenuhi kebutuhan? | E19: Melakukan evaluasi dan monitoring dalam perencanaan dan pelaksanaan program/kegiatan pangan dan gizi
D20: 19 Apakah pemerintah Desa/Kelurahan mengalokasikan anggaran untuk keberlanjutan program/kegiatan pangan dan gizi tersebut? | E20: Mengusulkan anggaran program/kegiatan pangan dan gizi melalui mekanisme Musrenbang Desa/kelurahan
D21: 20 Apakah pemerintah Desa/Kelurahan bekerjasama dengan pihak lain untuk pengembangan/peningkatan program/kegiatan pangan dan gizi tersebut? | E21: Melakukan kerjasama dengan berbagai pihak baik OPD terkait, akademisi, praktisi pangan dan gizi serta lembaga lainnya..
B22: Indikator 6. Pemberdayaan UMKM dan Peningkatan Ekonomi Melalui BUMDES | C22: Mbak Heni | D22: 21 Apakah pemerintah Desa/Kelurahan menyelenggarakan program pemberdayaan UMKM dan/atau pengembangan ekonomi melalui BUMDES? | E22: Mengusulkan program pemberdayaan UMKM dan/atau pengembangan ekonomi melalui BUMDES dalam Musrenbang Des/Kelurahan.
D23: 22 Apakah program pemberdayaan UMKM dan/atau pengembangan ekonomi melalui BUMDES bermanfaat? | E23: Melakukan pelatihan dan pendampingan bagi UMKM dan/atau pengembangan ekonomi melalui BUMDES
D24: 23. Apakah pemerintah Desa/Kelurahan mengalokasikan anggaran untuk keberlanjutan program pemberdayaan UMKM dan/atau pengembangan ekonomi melalui BUMDES? | E24: Megusulkan aggaran program pemberdayaan UMKM dan/atau pengembangan ekonomi melalui RKP Desamaupun RKP Kelurahan
D25: 24 Apakah pemerintah Desa/Kelurahan bekerjasama dengan pihak lain untuk pengembangan dan peningkatan program pemberdayaan UMKM dan/atau pengembangan ekonomi melalui BUMDES? | E25: Melakukan kerjasama dengan berbagai pihak baik OPD terkait, Akademisi, dunia usaha maupun Asosiasi layanan pengembangan ekonomi dan bisnis lainnya.
B26: Indikator 7. Sarana dan Prasarana Komunikasi/Informasi | C26: Ronggo | D26: 25. Apakah di Desa/Kelurahan terdapat/tersedia sarana dan prasarana komunikasi/informasi? | E26: Mengusulkan penyediaan sarana dan prasarana komunikasi/informasi dalam musrenbangdes maupun musrenbangkel sesuai SPM sarana dan prasarana komunikasi/informasi
D27: 26. Apakah sarana dan prasarana komunikasi/informasi tersebut dapat diandalkan? | E27: Melakukan monitoring, evaluasi dan perencanaan terhadap optimalnya sarana dan prasarana komunikasi/informasi
D28: 27. Apakah pemerintah Desa/Kelurahan mengalokasikan anggaran untuk keberlanjutan sarana dan prasarana komunikasi/informasi tersebut? | E28: Mengusulkan anggaran untuk penyediaan sarana dan prasarana komunikasi/informasi dalam RKPDes maupun RKP Kelurahan
D29: 28. Apakah pemerintah Desa/Kelurahan bekerjasama dengan pihak lain dalam pengembangan/peningkatan sarana dan prasarana komunikasi/informasi tersebut? | E29: Melakukan kerjasama dengan dinas/lembaga/organisasi untuk indentifikasi kebutuhan, perencanaan dan pelaksanaan pengembangan/peningkatan penyelenggaraan sarana dan prasarana komunikasi/informasi di Desa/Kelurahan.
B30: Indikator 8. Pelayanan Administrasi dan Kependudukan | C30: Ronggo | D30: 29. Apakah pemerintah Desa/Kelurahan menyelenggarakan pelayanan administrasi dan kependudukan? | E30: Mengusulkan penyelenggaraan pelayanan administrasi dan kependudukan dalam musrenbangdes maupun musrenbangkel sesuai dengan SPM pelayanan adminstrasi dan kependudukan
D31: 30. Apakah penyelenggaraan pelayanan administrasi dan kependudukan tersebut dapat diandalkan (cepat dan mudah)? | E31: Melakukan monitoring, evaluasi, perencanaan dan pelaksanaan terhadap pelayanan administrasi dan kependudukan
D32: 31. Apakah pemerintah Desa/Kelurahan mengalokasikan anggaran untuk keberlanjutan menyelenggarakan pelayanan administrasi dan kependudukan tersebut? | E32: Mengusulkan anggaran untuk keberlanjutan penyelenggaraan pelayanan administrasi dan kependudukan dalam RKPDes maupun RKP Kelurahan
D33: 32. Apakah pemerintah Desa/Kelurahan bekerjasama dengan pihak lain dalam pengembangan/peningkatan menyelenggarakan pelayanan administrasi dan kependudukan tersebut? | E33: Melakukan kerjasama dengan dinas/lembaga/organisasi untuk indentifikasi kebutuhan, perencanaan dan pelaksanaan pengembangan/peningkatan penyelenggaraan pelayanan administrasi dan kependudukan di Desa/Kelurahan.
B34: Indikator 9. Peraturan/Kegiatan Perlindungan dan Pengelolaan Lingkungan Hidup | C34: Gandar | D34: 33. Apakah pemerintah Desa/Kelurahan memiliki peraturan atau kegiatan perlindungan dan pengelolaan lingkungan hidup? | E34: Pengusulan penyelenggaraan layanan perlindungan dan pengelolaan lingkungan hidup melalui mekanisme Musrenbang Desa/Kelurahan hingga Musrenbang Kabupaten/Kota, sesuai SPM bidang lingkungan hidup.
D35: 34. Apakah peraturan atau kegiatan perlindungan dan pengelolaan lingkungan hidup tersebut bermanfaat? | E35: Melakuan evaluasi, perencanaan dan pelaksanaan perbaikan penyelenggaraan layanan perlindungan dan pengelolaan lingkungan hidup.
D36: 35. Apakah pemerintah Desa/Kelurahan mengalokasikan anggaran untuk keberlanjutan perlindungan dan pengelolaan lingkungan hidup tersebut? | E36: Pengusulan alokasi anggaran mekanisme Musrenbang atau dalam musyawarah penyusunan RKPDes/Kel.
D37: 36. Apakah pemerintah Desa/Kelurahan bekerjasama dengan pihak lain dalam pengembangan/peningkatan perlindungan dan pengelolaan lingkungan hidup tersebut? | E37: Melakukan kerjasama dengan dinas/lembaga/organisasi untuk indentifikasi kebutuhan, perencanaan dan pelaksanaan pengembangan/peningkatan penyelenggaraan layanan perlindungan dan pengelolaan lingkungan hidup di Desa/Kelurahan.
B38: Indikator 10. Peraturan dan Kegiatan Keagamaan | C38: Gandar | D38: 37. Apakah pemerintah di Desa/Kelurahan memiliki peraturan atau kegiatan keagamaan? | E38: Pengusulan penyelenggaraan layanan keagamaan melalui mekanisme Musrenbang Desa/Kelurahan hingga Musrenbang Kabupaten/Kota, sesuai SPM bidang keagamaan.
D39: 38. Apakah peraturan dan kegiatan keagamaan tersebut bermanfaat? | E39: Melakukan evaluasi, perencanaan dan pelaksanaan perbaikan penyelenggaraan layanan keagamaan.
D40: 39. Apakah pemerintah Desa/Kelurahan mengalokasikan anggaran untuk penerapan aturan atau keberlanjutan peraturan dan kegiatan keagamaan tersebut? | E40: Pengusulan alokasi anggaran mekanisme Musrenbang atau dalam musyawarah penyusunan RKPDes/Kel
D41: 40. Apakah pemerintah Desa/Kelurahan bekerjasama dengan pihak lain pengembangan/peningkatan peraturan dan kegiatan keagamaan tersebut? | E41: Melakukan kerjasama dengan dinas/lembaga/organisasi untuk indentifikasi kebutuhan, perencanaan dan pelaksanaan pengembangan/peningkatan penyelenggaraan layanan keagamaan di Desa/Kelurahan.
B42: Indikator 11. Peraturan dan Kegiatan Kebudayan | C42: Wawan | D42: 41. Apakah pemerintah Desa/Kelurahan memiliki peraturan atau kegiatan kebudayaan? | E42: Mengusulkan penyusunan peraturan desa tentang kebudayaan, baik melalui Kepala Desa atau Badan Permusyawaratan Desa (BPD) dan mengusulkan kegiatan kebudayaan melalui Musrembang Desa/Kelurahan
D43: 42. Apakah peraturan atau kegiatan kebudayaan tersebut bermanfaat, sesuai kebutuhan? | E43: Melakukan evaluasi kegiatan kebudayaan dan perbaikan kegiatan kebudayaan yang memberikan manfaat kepada masyarakat
D44: 43. Apakah pemerintah Desa/kelurahan mengalokasikan anggaran untuk penerapan aturan atau kegiatan budaya tersebut? | E44: Mengusulkan alokasi anggaran desa untuk penerapan atau melaksanakan kegiatan budaya dalam RKP Desa atau Kelurahan
D45: 44. Apakah pemerintah Desa/Kelurahan bekerjasama dengan pihak lain dalam pengembangan/peningkatan kegiatan budaya tersebut? | E45: Melakukan kerjasama dengan Dinas/lembaga/organisasi untuk mengembangkan dan meningkatkan kegiatan kebudayaan
B46: Indikator 12. Peraturan dan Kegiatan Perlindungan Keamanan | C46: Wawan | D46: 45. Apakah pemerintah Desa/Kelurahan memiliki peraturan atau kegiatan perlindungan keamanan? | E46: Mengusulkan penyusunan peraturan desa tentang perlindungan keamanan Desa, baik melalui Kepala Desa atau Badan Permusyawaratan Desa (BPD) dan mengusulkan kegiatan perlindungan keamanan melalui Musrembang Desa/Kelurahan
D47: 46. Apakah peraturan dan kegiatan perlindungan keamanan tersebut bermanfaat? | E47: Melakukan evaluasi kegiatan perlindungan keamanan dan perbaikan kegiaatan perlindungan keamanan yang memberikan manfaat kepada masyarakat
D48: 47. Apakah pemerintah Desa/Kelurahan mengalokasikan anggaran untuk keberlanjutan penerapan aturan dan pelaksanaan kegiatan perlindungan keamanan tersebut? | E48: Mengusulkan alokasi anggaran desa untuk penerapan atau melaksanakan kegiatan perlindungan keamanan dalam RKP Desa atau Kelurahan
D49: 48. Apakah pemerintah Desa/kelurahan bekerjasama dengan pihak lain dalam pengembangan/peningkatan perlindungan keamanan tersebut? | E49: Melakukan kerjasama dengan Dinas/lembaga/organisasi untuk mengembangkan dan meningkatkan kegiatan perlindungan keamanan
B50: Indikator 13. Peraturan dan Kegiatan Pemberdayaan Perempuan dan Perlindungan Anak | C50: Ipung | D50: 49. Apakah pemerintah Desa/Kelurahan memiliki aturan atau kegiatan pemberdayaan perempuan dan perlindungan anak? | E50: Mengusulkan pembentukan lembaga, penyelenggaraan kegiatan dan penyusunan peraturan tentang pemberdayaan peremuan dan perlindungan anak
D51: 50. Apakan Desa/Kelurahan aturan atau kegiatan pemberdayaan perempuan dan perlindungan anak tersebut bermanfaat? | E51: Melakuan evaluasi, perencanaan dan pelaksanaan perbaikan kelembagaan, kegiatan dan peraturan pemberdayaan perempuan dan perlindungan anak
D52: 51. Apakan pemerintah Desa/Kelurahan mengalokasikan anggaran untuk keberlanjutan pemberdayaan perempuan dan perlindungan anak tersebut? | E52: Mengusulkan alokasi anggaran untuk pemberdayaan perempuan dan perlindungan anak melalui mekanisme Musrenbang atau dalam musyawarah penyusunan RKPDes/Kel
D53: 52. Apakan pemerintah Desa/Kelurahan bekerjasama dengan pihak lain untuk pengembangan/peningkatan pemberdayaan perempuan dan perlindungan anak tersebut? | E53: Melakukan kerjasama dengan dinas/lembaga/organisasi untuk indentifikasi kebutuhan, perencanaan dan pelaksanaan pengembangan/peningkatan pemberdayaan perempuan dan perlindungan anak
B54: Indikator 14. Layanan Khusus Difabel | C54: Ipung | D54: 53. Apakah pemerintah Desa/Kelurahan memiliki aturan atau kegiatan layanan khusus penyandang difabel? | E54: Mengusulkan pembentukan lembaga, penyelenggaraan kegiatan dan penyusunan peraturan untuk layanan khusus difabel
D55: =IFERROR(__xludf.DUMMYFUNCTION("importrange(""1WzqiOBj7hUoKVW-V5Vm0RGDSIp0F0Kal5LH9z-DzSnE"", ""Sheet15!d29:d29"")"),"#REF!") -> #REF! | E55: Melakuan evaluasi, perencanaan dan pelaksanaan perbaikan kelembagaan, kegiatan dan peraturan layanan khusus difabel
D56: =IFERROR(__xludf.DUMMYFUNCTION("importrange(""1WzqiOBj7hUoKVW-V5Vm0RGDSIp0F0Kal5LH9z-DzSnE"", ""Sheet15!e29:e29"")"),"#REF!") -> #REF! | E56: Mengusulkan alokasi anggaran untuk layanan khusus difabel melalui mekanisme Musrenbang atau dalam musyawarah penyusunan RKPDes/Kel
D57: =IFERROR(__xludf.DUMMYFUNCTION("importrange(""1WzqiOBj7hUoKVW-V5Vm0RGDSIp0F0Kal5LH9z-DzSnE"", ""Sheet15!f29:f29"")"),"#REF!") -> #REF! | E57: Melakukan kerjasama dengan dinas/lembaga/organisasi untuk indentifikasi kebutuhan, perencanaan dan pelaksanaan pengembangan/peningkatan layanan khusus difabel
A58: ='Input Nilai'!B69 -> PERATURAN DAN KEBIJAKAN PENANGGULANGAN BENCANA | B58: Indikator 15. Pengkajian Risiko Bencana | C58: Gigih | D58: 57. Apakah pemerintah Desa/Kelurahan telah melakukan pengkajian risiko bencana? | E58: Mengusulkan pengkajian risiko bencana melalui mekanisme Musrenbang Desa/Kelurahan.
D59: =IFERROR(__xludf.DUMMYFUNCTION("importrange(""1WzqiOBj7hUoKVW-V5Vm0RGDSIp0F0Kal5LH9z-DzSnE"", ""Sheet15!d33:d33"")"),"#REF!") -> #REF! | E59: Melakuan evaluasi, perencanaan dan pelaksanaan perbaikan kajian risiko bencana.
D60: 59. Apakah pemerintah Desa/Kelurahan mengalokasikan anggaran untuk pembaruan pengkajian risiko bencana tersebut? | E60: Mengusulkan alokasi anggaran mekanisme Musrenbang atau dalam musyawarah penyusunan RKPDes/Kel.
D61: 60. Apakah pemerintah Desa/Kelurahan bekerjasama dengan pihak lain untuk pengembangan/peningkatan pengkajian risiko bencana? | E61: Melakukan kerjasama dengan dinas/lembaga/organisasi untuk melakukan pengkajian risiko bencana di Desa/Kelurahan.
B62: Indikator 16. Rencana Penanggulangan Bencana | C62: Anggoro | D62: 61. Apakah pemerintah Desa/Kelurahan memiliki Rencana Penanggulangan Bencana? | E62: Mengusulkan kegiatan penyusunan dokumen RPB menggunakan anggaran desa.
D63: =IFERROR(__xludf.DUMMYFUNCTION("importrange(""1WzqiOBj7hUoKVW-V5Vm0RGDSIp0F0Kal5LH9z-DzSnE"", ""Sheet15!d35:d35"")"),"#REF!") -> #REF! | E63: Melakukan evaluasi terhadap penyusunan dokumen RPB
D64: 63. Apakah pemerintah Desa/Kelurahan mengalokasikan anggaran untuk keberlanjutan penerapan Rencana Penanggulangan Bencana tersebut? | E64: Mengusulkan alokasi anggaran untuk penyusunan RPB melalui mekanisme musrenbang.
D65: 64. Apakah pemerintah Desa/Kelurahan bekerjasama dengan pihak lain dalam pengembangan/peningkatan pelaksanaan rencana penanggulangan bencana tersebut? | E65: Melakukan kerjasama dengan pihak lain untuk penyusunan dokumen RPB.
B66: Indikator 17. Pelatihan Penanggulangan Bencana | C66: Yugyas | D66: 65. Apakah pemerintah Desa/Kelurahan menyelenggarakan latihan-latihan penanggulangan bencana? | E66: Mengusulkan program dan kegiatan pelatihan penanggulangan bencana dalam RPJMDesa/Kelurahan melalui musrenbangdes/kel
D67: 66. Apakah latihan-latihan penanggulangan bencana tersebut bermanfaat? | E67: Mengevaluasi penyelenggaraan pelatihan penanggulangan bencana: topik dan metode pelaksanaan
D68: 67. Apakah pemerintah Desa/Kelurahan mengalokasikan anggaran untuk keberlanjutan latihan-latihan penanggulangan bencana? | E68: Mengalokasikan anggaran kegiatan pelatihan penanggulangan bencana dalam APBDesa/Kelurahan.
D69: 68. Apakah pemerintah Desa/Kelurahan bekerjasama dengan pihak lain dalam pengembangan/peningkatan latihan-latihan penanggulangan bencana? | E69: Menjalin kerjasama penyelenggaraan pelatihan penanggulangan bencana dengan pihak-pihak lain.
B70: Indikator 18. Kelembagaan PB (Kelompok/Organisasi Penanggulangan Bencana) | C70: Indra | D70: 69. Apakah pemerintah Desa/Kelurahan telah memiliki/membentuk kelompok atau organisasi penanggulangan bencana? | E70: Mengusulkan pembentukan organisasi/kelompok Penanggulangan Bencana Desa melalui Musrenbang
D71: 70. Apakah kelompok atau organisasi penanggulangan bencana tersebut bermanfaat? | E71: Melakukan evaluasi bersama secara rutin terhadap organisasi/kelompok Penanggulangan Bencana Desa
D72: 71. Apakah pemerintah Desa/Kelurahan mengalokasikan anggaran untuk keberlanjutan kelompok/organisasi penanggulangan bencana tersebut? | E72: Mengusulkan penganggaran dari Dana Desa melalui Musrenbang supaya organisasi/kelompok Penanggulangan Bencana Desa bisa mandiri
D73: 72. Apakah pemerintah Desa/Kelurahan bekerjasama dengan pihak lain dalam pengembangan/peningkatan kelompok/organisasi penanggulangan bencana tersebut? | E73: Ada kerjasama antar pihak untuk mendukung pengembangan/peningkatan kelompok/organisasi penanggulangan bencana Desa
B74: Indikator 19. Bantuan/Kerjasama Pelaksanaan Kegiatan Penanggulangan Bencana | C74: Indra | D74: 73. Apakah pemerintah Desa/Kelurahan menerima bantuan atau kerjasama dengan pihak luar dalam pelaksanaan kegiatan penanggulangan bencana? | E74: Mengusulkan ada Standart Operasional Prosedure atau sejenisnya mengenai kerjasama dengan pihak luar dalam pelaksanaan kegiatan penanggulangan bencana
D75: 74. Apakah bantuan atau kerjasama kegiatan penanggulangan bencana tersebut bermanfaat? | E75: Mengevaluasi penyelenggaraan Standart Operasional Prosedur kerjasama kegiatan penanggulangan bencana
D76: 75. Apakah pemerintah Desa/Kelurahan mengalokasikan anggaran untuk keberlanjutan kegiatan hasil bantuan atau kerjasama tersebut? | E76: Mengusulkan evaluasi secara rutin ada pengalokasian anggaran untuk keberlanjutan sesuai dengan dokumen RPJMDesa
D77: 76. Apakah pemerintah Desa/Kelurahan meningkatkan kerjasama dengan pihak lain dalam kegiatan penanggulangan bencana? | E77: Ada kerjasama antar pihak untuk mendukung pengembangan/peningkatan kelompok/organisasi penanggulangan bencana Desa
B78: Indikator 20. Pencegahan Bencana | D78: 77. Apakah telah dilakukan kegiatan pencegahan bencana? | E78: Mengusulkan kegiatan pencegahan bencana menggunakan anggaran desa.
D79: 78. Apakah kegiatan pencegahan bencana tersebut bermanfaat/bisa diandalkan? | E79: Melakukan evaluasi terhadap aksi-aksi pencegahan bencana yang telah dilakukan.
D80: 79. Apakah pemerintah Desa/Kelurahan mengalokasikan anggaran untuk keberlanjutan penyelenggaraan kegiatan pencegahan bencana? | E80: Mengusulkan alokasi anggaran untuk kegiatan pencegahan bencana melalui mekanisme musrenbang.
D81: 80. Apakah pemerintah Desa/Kelurahan bekerjasama dengan pihak lain dalam melaksanakan kegiatan pencegahan bencana? | E81: Melakukan kerjasama dengan pihak lain dalam melakukan kegiatan pencegahan bencana.
B82: Indikator 21. Mitigasi Bencana | D82: 81. Apakah telah dilakukan kegiatan mitigasi bencana? | E82: Mengusulkan kegiatan mitigasi bencana menggunakan anggaran desa.
D83: 82. Apakah kegiatan mitigasi bencana tersebut bermanfaat/bisa diandalkan? | E83: Melakukan evaluasi terhadap aksi-aksi mitigasi bencana yang telah dilakukan.
D84: 83. Apakah pemerintah Desa/Kelurahan mengalokasikan anggaran untuk keberlanjutan penyelenggaraan kegiatan mitigasi bencana? | E84: Mengusulkan alokasi anggaran untuk kegiatan mitigasi bencana melalui mekanisme musrenbang.
D85: 84. Apakah pemerintah Desa/Kelurahan bekerjasama dengan pihak lain dalam melaksanakan kegiatan mitigasi bencana? | E85: Melakukan kerjasama dengan pihak lain dalam melakukan kegiatan mitigasi bencana.
B86: Indikator 22. Sosialisasi Pengetahuan Kebencanaan | D86: 85. Apakah ada sosialisasi pengetahuan kebencanaan yang sesuai dengan bahaya yang ada di desa? | E86: Mengusulkan kegiatan sosialisasi pengetahuan kebencanaan menggunakan anggaran desa.
D87: 86. Apakah sosialisasi pengetahuan kebencanaan tersebut bermanfaat? | E87: Melakukan evaluasi terhadap kegiatan sosialisasi bencana yang telah dilakukan
D88: 87. Apakah pemerintah Desa/Kelurahan mengalokasikan anggaran untuk keberlanjutan penyelenggaraan sosialisasi pengetahuan kebencanaan? | E88: Mengusulkan alokasi anggaran untuk kegiatan sosialisasi pengetahuan kebencanaan melalui mekanisme musrenbang.
D89: 88. Apakah pemerintah Desa/Kelurahan bekerjasama dengan pihak lain dalam melaksanakan sosialisasi pengetahuan kebencanaan? | E89: Melakukan kerjasama dengan pihak lain dalam melakukan kegiatan sosialisasi pengetahuan kebencanaan.
A90: ='Input Nilai'!B101 -> KESIAPSIAGAAN DARURAT | B90: Indikator 23. Peringatan Bahaya | C90: Ipung | D90: 89. Apakah pemerintah Desa/Kelurahan memperoleh/mendapatkan/menerima peringatan bahaya sebelum terjadi bencana? | E90: Desa/Kelurahan segera mengembangkan penyediaan peringatan bahaya efektif
D91: 90. Apakah peringatan bahaya tersebut bermanfaat? | E91: Desa/Kelurahan perlu melakukan evaluasi dan perbaikan penyediaan peringatan bahaya agar lebih efektif
D92: 91. Apakah pemerintah Desa/Kelurahan mengalokasikan anggaran untuk keberlanjutan penerimaan peringatan bahaya tersebut? | E92: Desa/Kelurahan mengalokasikan anggaran untuk efektfitas dan keberlanjutan penyediaan peringatan bahaya
D93: 92. Apakah pemerintah Desa/Kelurahan bekerjasama dengan pihak lain untuk pengembangan/peningkatan peringatan bahaya tersebut? | E93: Desa/Kelurahan bekerjasama dengan BPBD dan penyedia peringatan bahaya lainnya untuk mengembangkan peringatan bahaya efektif
B94: Indikator 24. Penyebarluasan Peringatan Bahaya | C94: Ipung | D94: 93. Apakah pemerintah Desa/Kelurahan memiliki cara menyebarluaskan peringatan bahaya kepada seluruh masyarakat? | E94: Desa/Kelurahan melakukan penyusunan standar prosedur penyebarluasan peringatan bahaya kepada seluruh masyarakat termasuk penyandang difabel
D95: 94. Apakah penyebarluasan peringatan bahaya tersebut dapat menjangkau semua masyarakat tanpa kecuali? Termasuk difable dan kelompok rentan lainnya? | E95: Melakukan evaluasi dan perbaikan prosedur penyebarluasan peringatan bahaya agar dapat diterima oleh seluruh masyarakat termasuk difabel
D96: 95. Apakah pemerintah Desa/Kelurahan mengalokasikan anggaran untuk keberlanjutan penyebarluasan peringatan bahaya tersebut? | E96: Mengalokasikan anggaran untuk keberlanjutan prosedur penyebarluasan peringatan bahaya
D97: 96. Apakah pemerintah Desa/Kelurahan bekerjasama dengan pihak lain untuk pengembangan/peningkatan penyebarluasan peringatan bahaya tersebut? | E97: Bekerjasama dengan desa/kelurahan lain atau pihak lain dalam meningkatkan efektifitas penyebarluasan peringatah bahaya
B98: Indikator 25. Rencana Evakuasi | C98: Yugyas | D98: 97. Apakah pemerintah Desa/Kelurahan memiliki rencana evakuasi jika terjadi bencana? | E98: Menyusun rencana evakuasi bencana dengan melibatkan masyarakat berpotensi terdampak bencana.
D99: 98. Apakah rencana evakuasi tersebut bermanfaat/berfungsi untuk penyelamatan diri saat bencana? | E99: Mengevaluasi dan melakukan perbaikan rencana evakuasi dengan melibatkan masyarakat berpotensi terdampak bencana.
D100: 99. Apakah pemerintah Desa/Kelurahan mengalokasikan anggaran untuk keberfungsian rencana evakuasi tersebut? | E100: Mengalokasikan anggaran untuk ujicoba atau simulasi rencana evakuasi bencana
...
